293.022,5.043
293.195,6.043
293.368,0.043
293.541,-4.957
293.714,-2.957
293.887,-3.957
294.06,0.043
294.233,9.043
294.406,3.043
294.579,-1.957
294.752,2.043
294.925,-2.957
295.098,-1.957
295.271,-2.957
295.444,0.043
295.617,-1.957
295.79,0.043
295.963,7.043
296.137,3.043
296.31,-6.957
296.483,-2.957
296.656,-0.957
296.83,-7.957
297.003,3.043
297.176,4.043
297.349,4.043
297.523,7.043
297.696,1.043
297.869,0.043
298.043,2.043
298.216,0.043
298.39,4.043
298.563,7.043
298.737,8.043
298.91,2.043
299.083,1.043
299.257,5.043
299.431,8.043
299.604,6.044
299.778,3.044
299.951,0.044
300.125,0.044
300.298,3.044
300.472,5.044
300.646,9.044
300.82,7.044
300.993,0.044
301.167,-2.956
301.341,2.044
301.514,10.044
301.688,9.044
301.862,3.044
302.036,0.044
302.21,5.044
302.384,6.044
302.557,3.044
302.731,3.044
302.905,1.044
303.079,0.044
303.253,-5.956
303.427,-6.956
303.601,3.044
303.775,3.044
303.949,-0.956
304.123,-1.956
304.297,6.044
304.471,6.044
304.645,2.044
304.82,5.044
304.994,4.044
305.168,-3.956
305.342,0.044
305.516,-1.956
305.69,-0.956
305.865,1.044
306.039,2.044
306.213,12.044
306.387,13.044
306.562,5.044
306.736,0.044
306.91,1.044
307.085,0.045
307.259,-2.955
307.434,0.045
307.608,-0.955
307.783,0.045
307.957,0.045
308.131,3.045
308.306,8.045
308.48,14.045
308.655,11.045
308.83,9.045
309.004,7.045
309.179,7.045
309.353,5.045
309.528,8.045
309.703,2.045
309.877,-1.955
310.052,3.045
310.227,3.045
310.401,8.045
310.576,7.045
310.751,3.045
310.926,2.045
311.1,-1.955
311.275,-2.955
311.45,0.045
311.625,10.045
311.8,6.045
311.975,-1.955
312.15,-1.955
312.325,-2.955
312.5,0.045
312.674,5.045
312.849,4.045
313.024,0.045
313.199,-3.955
313.375,6.045
313.55,8.045
313.725,7.045
313.9,3.045
314.075,6.045
314.25,4.045
314.425,-3.954
314.6,0.046
314.776,6.046
314.951,2.046
315.126,2.046
315.301,4.046
315.476,-1.954
315.652,6.046
315.827,6.046
316.002,4.046
316.178,8.046
316.353,3.046
316.528,-2.954
316.704,2.046
316.879,0.046
317.055,-1.954
317.23,4.046
317.406,8.046
317.581,5.046
317.757,-4.954
317.932,-4.954
318.108,4.046
318.283,14.046
318.459,6.046
318.634,7.046
318.81,9.046
318.986,12.046
319.161,16.046
319.337,16.046
319.513,2.046
319.688,-0.954
319.864,5.046
320.04,2.046
320.215,3.046
320.391,-0.954
320.567,2.046
320.743,4.046
320.919,2.046
321.095,0.046
321.27,-1.954
321.446,2.047
321.622,-0.953
321.798,2.047
321.974,2.047
322.15,0.047
322.326,-1.953
322.502,-1.953
322.678,1.047
322.854,6.047
323.03,9.047
323.206,2.047
323.382,2.047
323.558,4.047
323.734,9.047
323.911,8.047
324.087,8.047
324.263,3.047
324.439,-1.953
324.615,-0.953
324.792,-0.953
324.968,3.047
325.144,11.047
325.32,3.047
325.497,0.047
325.673,-2.953
325.849,1.047
326.026,3.047
326.202,2.047
326.379,2.047
326.555,0.047
326.731,-0.953
326.908,2.047
327.084,7.047
327.261,1.047
327.437,-0.953
327.614,4.047
327.79,5.047
327.967,5.047
328.143,1.047
328.32,4.048
328.497,5.048
328.673,10.048
328.85,9.048
329.027,2.048
329.203,-0.952
329.38,-1.952
329.557,3.048
329.733,2.048
329.91,1.048
330.087,6.048
330.264,-2.952
330.441,4.048
330.617,6.048
330.794,0.048
330.971,-1.952
331.148,2.048
331.325,3.048
331.502,-1.952
331.679,2.048
331.856,3.048
332.033,0.048
332.21,0.048
332.387,5.048
332.564,2.048
332.741,7.048
332.918,5.048
333.095,6.048
333.272,5.048
333.449,0.048
333.626,3.048
333.803,5.048
333.981,-1.952
334.158,0.048
334.335,3.048
334.512,-0.952
334.689,1.048
334.867,4.048
335.044,6.049
335.221,7.049
335.399,2.049
335.576,1.049
335.753,0.049
335.931,4.049
336.108,13.049
336.285,7.049
336.463,5.049
336.64,5.049
336.818,-2.951
336.995,-0.951
337.173,-3.951
337.35,3.049
337.528,3.049
337.705,6.049
337.883,-1.951
338.06,-1.951
338.238,-1.951
338.416,1.049
338.593,8.049
338.771,9.049
338.949,12.049
339.126,2.049
339.304,-2.951
339.482,1.049
339.659,5.049
339.837,3.049
340.015,4.049
340.193,5.049
340.371,2.049
340.548,1.049
340.726,1.049
340.904,4.049
341.082,0.049
341.26,3.049
341.438,10.05
341.616,2.05
341.794,-2.95
341.972,1.05
342.15,4.05
342.328,2.05
342.506,7.05
342.684,2.05
342.862,-2.95
343.04,3.05
343.218,2.05
343.396,0.05
343.574,3.05
343.752,2.05
343.93,7.05
344.109,5.05
344.287,-0.95
344.465,1.05
344.643,-1.95
344.822,2.05
345.0,7.05
345.178,2.05
345.356,-2.95
345.535,-1.95
345.713,-0.95
345.891,4.05
346.07,3.05
346.248,1.05
346.427,0.05
346.605,3.05
346.783,2.05
346.962,2.05
347.14,3.05
347.319,4.05
347.497,3.05
347.676,0.05
347.854,-4.949
348.033,1.051
348.212,3.051
348.39,4.051
348.569,3.051
348.747,7.051
348.926,5.051
349.105,2.051
349.283,3.051
349.462,4.051
349.641,4.051
349.82,3.051
349.998,-4.949
350.177,-2.949
350.356,1.051
350.535,-3.949
350.713,2.051
350.892,7.051
351.071,3.051
351.25,-3.949
351.429,-5.949
351.608,-2.949
351.787,-2.949
351.966,1.051
352.145,3.051
352.324,1.051
352.503,6.051
352.682,8.051
352.861,4.051
353.04,9.051
353.219,7.051
353.398,2.051
353.577,-0.949
353.756,3.051
353.935,13.052
354.114,15.052
354.294,2.052
354.473,6.052
354.652,10.052
354.831,9.052
355.01,9.052
355.19,6.052
355.369,-2.948
355.548,-1.948
355.728,-1.948
355.907,1.052
356.086,-0.948
356.266,3.052
356.445,7.052
356.624,0.052
356.804,1.052
356.983,2.052
357.163,2.052
357.342,7.052
357.522,9.052
357.701,7.052
357.881,3.052
358.06,8.052
358.24,8.052
358.419,6.052
358.599,7.052
358.778,3.052
358.958,1.052
359.138,4.052
359.317,0.052
359.497,-7.948
359.677,-1.948
359.856,0.052
360.036,4.053
360.216,0.053
360.395,-0.947
360.575,0.053
360.755,0.053
360.935,2.053
361.115,5.053
361.294,7.053
361.474,3.053
361.654,3.053
361.834,6.053
362.014,8.053
362.194,6.053
362.374,4.053
362.554,8.053
362.734,7.053
362.914,1.053
363.094,2.053
363.274,0.053
363.454,1.053
363.634,6.053
363.814,9.053
363.994,5.053
364.174,-1.947
364.354,2.053
364.534,7.053
364.715,3.053
364.895,0.053
365.075,-2.947
365.255,-0.947
365.435,4.053
365.616,2.053
365.796,4.054
365.976,3.054
366.156,6.054
366.337,6.054
366.517,6.054
366.697,7.054
366.878,7.054
367.058,5.054
367.238,1.054
367.419,3.054
367.599,1.054
367.78,-2.946
367.96,-1.946
368.141,-0.946
368.321,-6.946
368.502,-0.946
368.682,4.054
368.863,6.054
369.043,3.054
369.224,-4.946
369.404,-3.946
369.585,2.054
369.766,3.054
369.946,3.054
370.127,-0.946
370.308,-4.946
370.488,-1.946
370.669,3.054
370.85,5.054
371.031,7.054
371.211,3.054
371.392,4.054
371.573,8.055
371.754,6.055
371.934,5.055
372.115,1.055
372.296,2.055
372.477,4.055
372.658,2.055
372.839,-0.945
373.02,-0.945
373.201,6.055
373.382,2.055
373.563,4.055
373.744,1.055
373.925,5.055
374.106,6.055
374.287,0.055
374.468,2.055
374.649,0.055
374.83,-3.945
375.011,2.055
375.192,2.055
375.373,4.055
375.554,5.055
375.736,1.055
375.917,-0.945
376.098,2.055
376.279,0.055
376.46,-4.945
376.642,-2.945
376.823,9.055
377.004,6.055
377.186,0.056
377.367,-6.944
377.548,0.056
377.73,3.056
377.911,5.056
378.092,6.056
378.274,2.056
378.455,-5.944
378.637,-5.944
378.818,-6.944
379.0,-0.944
379.181,8.056
379.363,9.056
379.544,3.056
379.726,4.056
379.907,6.056
380.089,5.056
380.27,3.056
380.452,5.056
380.633,8.056
380.815,7.056
380.997,6.056
381.178,2.056
381.36,4.056
381.542,-1.944
381.724,-0.944
381.905,10.056
382.087,8.056
382.269,0.056
382.451,1.056
382.632,4.057
382.814,-3.943
382.996,-6.943
383.178,-3.943
383.36,-2.943
383.542,-1.943
383.723,-1.943
383.905,1.057
384.087,2.057
384.269,3.057
384.451,7.057
384.633,2.057
384.815,-1.943
384.997,1.057
385.179,7.057
385.361,4.057
385.543,4.057
385.725,2.057
385.907,-0.943
386.089,5.057
386.272,4.057
386.454,7.057
386.636,9.057
386.818,0.057
387.0,-4.943
387.182,-4.943
387.365,0.057
387.547,5.057
387.729,7.057
387.911,4.058
388.094,6.058
388.276,8.058
388.458,7.058
388.641,1.058
388.823,-1.942
389.005,0.058
389.188,-1.942
389.37,1.058
389.552,1.058
389.735,-5.942
389.917,1.058
390.1,7.058
390.282,8.058
390.465,2.058
390.647,-0.942
390.83,3.058
391.012,1.058
391.195,1.058
391.377,1.058
391.56,-0.942
391.743,-1.942
391.925,6.058
392.108,2.058
392.291,2.058
392.473,2.058
392.656,1.058
392.839,-0.942
393.021,-2.941
393.204,1.059
393.387,6.059
393.569,4.059
393.752,-3.941
393.935,3.059
394.118,6.059
394.301,4.059
394.484,-1.941
394.666,-0.941
394.849,2.059
395.032,-1.941
395.215,-4.941
395.398,1.059
395.581,6.059
395.764,0.059
395.947,-0.941
396.13,1.059
396.313,2.059
396.496,3.059
396.679,0.059
396.862,3.059
397.045,5.059
397.228,1.059
397.411,-3.941
397.594,2.059
397.777,4.059
397.96,1.059
398.144,3.06
398.327,5.06
398.51,8.06
398.693,1.06
398.876,-2.94
399.06,-4.94
399.243,1.06
399.426,9.06
399.609,7.06
399.793,8.06
399.976,3.06
400.159,4.06
400.343,3.06
400.526,2.06
400.709,0.06
400.893,1.06
401.076,2.06
401.26,-5.94
401.443,2.06
401.627,2.06
401.81,-0.94
401.993,0.06
402.177,0.06
402.361,2.06
402.544,3.06
402.728,-0.94
402.911,-0.94
403.095,1.061
403.278,2.061
403.462,1.061
403.646,1.061
403.829,-0.939
404.013,-0.939
404.197,3.061
404.38,4.061
404.564,0.061
404.748,1.061
404.931,2.061
405.115,6.061
405.299,1.061
405.483,-4.939
405.666,-0.939
405.85,1.061
406.034,-1.939
406.218,0.061
406.402,-3.939
406.586,-2.939
406.77,1.061
406.953,5.061
407.137,5.061
407.321,6.061
407.505,14.061
407.689,6.061
407.873,7.061
408.057,9.062
408.241,4.062
408.425,7.062
408.609,6.062
408.793,-1.938
408.977,1.062
409.162,4.062
409.346,2.062
409.53,-0.938
409.714,1.062
409.898,-2.938
410.082,1.062
410.266,2.062
410.451,5.062
410.635,9.062
410.819,3.062
411.003,4.062
411.188,3.062
411.372,5.062
411.556,7.062
411.74,4.062
411.925,3.062
412.109,2.062
412.293,-0.938
412.478,-0.938
412.662,-1.937
412.847,3.063
413.031,7.063
413.215,6.063
413.4,2.063
413.584,4.063
413.769,8.063
413.953,10.063
414.138,7.063
414.322,7.063
414.507,8.063
414.691,5.063
414.876,8.063
415.06,5.063
415.245,-4.937
415.43,-3.937
415.614,1.063
415.799,2.063
415.984,8.063
416.168,6.063
416.353,3.063
416.538,-1.937
416.722,7.063
416.907,9.063
417.092,7.063
417.277,11.064
417.461,3.064
417.646,11.064
417.831,13.064
418.016,14.064
418.201,14.064
418.385,15.064
418.57,13.064
418.755,8.064
418.94,10.064
419.125,16.064
419.31,18.064
419.495,21.064
419.68,21.064
419.865,23.064
420.05,26.064
420.235,30.064
420.42,33.064
420.605,37.064
420.79,49.064
420.975,55.064
421.16,54.064
421.345,59.064
421.53,72.064
421.715,85.064
421.901,90.065
422.086,108.065
422.271,119.065
422.456,131.065
422.641,152.065
422.826,174.065
423.012,195.065
423.197,213.065
423.382,237.065
423.567,267.065
423.753,303.065
423.938,340.065
424.123,389.065
424.309,440.065
424.494,489.065
424.679,549.065
424.865,615.065
425.05,687.065
425.236,772.065
425.421,869.065
425.606,977.065
425.792,1086.065
425.977,1189.065
426.163,1304.065
426.348,1436.066
426.534,1565.066
426.719,1713.066
426.905,1860.205
427.09,2005.056
427.276,2163.249
427.462,2306.613
427.647,2455.599
427.833,2604.601
428.018,2752.774
428.204,2897.904
428.39,3042.222
428.575,3170.319
428.761,3304.455
428.947,3412.516
429.133,3511.715
429.318,3637.928
429.504,3751.033
429.69,3888.846
429.876,4070.459
430.061,4317.677
430.247,4632.756
430.433,4944.348
430.619,5227.293
430.805,5447.382
430.991,5577.502
431.176,5610.751
431.362,5552.444
431.548,5454.436
431.734,5340.044
431.92,5227.336
432.106,5134.025
432.292,5067.86
432.478,5032.927
432.664,5031.928
432.85,5051.513
433.036,5085.964
433.222,5122.15
433.408,5177.737
433.594,5238.467
433.78,5304.41
433.966,5396.55
434.153,5474.716
434.339,5554.8
434.525,5664.892
434.711,5772.04
434.897,5894.847
435.083,6009.194
435.27,6136.923
435.456,6281.084
435.642,6425.38
435.828,6578.77
436.014,6733.032
436.201,6899.427
436.387,7079.699
436.573,7268.354
436.76,7433.785
436.946,7625.624
437.132,7802.575
437.319,7953.508
437.505,8134.109
437.691,8291.765
437.878,8426.217
438.064,8553.252
438.251,8693.595
438.437,8816.712
438.624,8925.724
438.81,9013.311
438.997,9071.615
439.183,9115.683
439.37,9123.517
439.556,9097.772
439.743,9073.124
439.929,8993.043
440.116,8912.571
440.302,8859.449
440.489,8829.754
440.676,8803.196
440.862,8766.147
441.049,8718.81
441.236,8701.966
441.422,8701.617
441.609,8702.132
441.796,8714.469
441.982,8722.712
442.169,8720.231
442.356,8722.899
442.543,8731.288
442.73,8733.676
442.916,8732.035
443.103,8747.517
443.29,8758.942
443.477,8761.24
443.664,8750.269
443.85,8724.891
444.037,8728.702
444.224,8741.697
444.411,8726.497
444.598,8712.798
444.785,8711.613
444.972,8718.73
445.159,8701.217
445.346,8702.537
445.533,8694.777
445.72,8697.502
445.907,8716.93
446.094,8728.676
446.281,8723.147
446.468,8725.242
446.655,8732.025
446.842,8760.909
447.029,8779.927
447.217,8792.541
447.404,8810.824
447.591,8827.419
447.778,8853.835
447.965,8883.269
448.152,8912.537
448.34,8939.329
448.527,8975.017
448.714,9005.698
448.901,9046.756
449.089,9088.481
449.276,9147.045
449.463,9188.509
449.65,9230.457
449.838,9268.213
450.025,9335.515
450.212,9383.019
450.4,9424.42
450.587,9442.028
450.775,9500.454
450.962,9532.967
451.149,9556.317
451.337,9613.062
451.524,9661.168
451.712,9677.297
451.899,9688.946
452.087,9707.2
452.274,9707.993
452.462,9726.247
452.649,9716.155
452.837,9695.778
453.024,9667.515
453.212,9633.259
453.399,9603.845
453.587,9555.612
453.775,9489.837
453.962,9430.536
454.15,9387.812
454.338,9350.135
454.525,9294.405
454.713,9205.386
454.901,9148.06
455.088,9091.678
455.276,9025.096
455.464,8964.846
455.652,8903.03
455.839,8860.777
456.027,8824.783
456.215,8754.361
456.403,8712.44
456.591,8677.704
456.778,8619.179
456.966,8571.374
457.154,8530.206
457.342,8491.45
457.53,8451.191
457.718,8394.28
457.906,8347.951
458.094,8311.826
458.282,8264.649
458.47,8224.182
458.658,8214.232
458.846,8194.761
459.034,8174.512
459.222,8148.032
459.41,8113.765
459.598,8091.958
459.786,8088.842
459.974,8056.176
460.162,8059.34
460.35,8045.264
460.538,8046.008
460.726,8033.547
460.914,8010.182
461.103,7990.719
461.291,7975.213
461.479,7962.014
461.667,7948.079
461.855,7941.918
462.044,7931.893
462.232,7929.57
462.42,7901.063
462.608,7881.139
462.797,7869.757
462.985,7846.745
463.173,7826.847
463.362,7806.981
463.55,7797.292
463.738,7777.323
463.927,7746.796
464.115,7755.05
464.303,7757.936
464.492,7731.596
464.68,7705.442
464.869,7674.155
465.057,7646.484
465.245,7624.962
465.434,7596.064
465.622,7551.094
465.811,7509.246
465.999,7462.185
466.188,7413.035
466.376,7367.436
466.565,7337.453
466.754,7280.666
466.942,7237.719
467.131,7192.482
467.319,7163.57
467.508,7129.407
467.697,7078.607
467.885,7024.944
468.074,7006.086
468.263,6955.696
468.451,6914.407
468.64,6882.94
468.829,6854.521
469.017,6823.763
469.206,6791.817
469.395,6752.303
469.584,6718.831
469.773,6676.44
469.961,6647.292
470.15,6611.708
470.339,6580.654
470.528,6551.884
470.717,6523.157
470.905,6495.962
471.094,6454.332
471.283,6408.069
471.472,6370.977
471.661,6325.242
471.85,6296.655
472.039,6262.243
472.228,6224.08
472.417,6195.053
472.606,6159.498
472.795,6121.847
472.984,6082.228
473.173,6044.713
473.362,6022.003
473.551,5986.908
473.74,5960.641
473.929,5935.823
474.118,5892.836
474.307,5860.742
474.496,5856.471
474.686,5847.835
474.875,5815.789
475.064,5778.805
475.253,5768.616
475.442,5749.875
475.631,5720.26
475.821,5697.511
476.01,5687.33
476.199,5663.574
476.388,5649.04
476.578,5618.067
476.767,5603.543
476.956,5576.98
477.145,5553.356
477.335,5523.97
477.524,5493.178
477.713,5479.073
477.903,5459.536
478.092,5424.497
478.282,5401.359
478.471,5373.159
478.66,5343.739
478.85,5320.635
479.039,5292.476
479.229,5279.278
479.418,5258.354
479.608,5209.863
479.797,5178.139
479.987,5143.532
480.176,5116.856
480.366,5090.18
480.555,5064.271
480.745,5036.854
480.934,5000.058
481.124,4971.919
481.314,4939.408
481.503,4910.462
481.693,4874.967
481.882,4846.657
482.072,4819.623
482.262,4791.936
482.451,4768.731
482.641,4735.182
482.831,4697.952
483.02,4661.396
483.21,4633.779
483.4,4600.349
483.59,4560.786
483.779,4528.786
483.969,4510.248
484.159,4485.482
484.349,4448.637
484.539,4416.117
484.728,4396.699
484.918,4369.211
485.108,4339.24
485.298,4315.118
485.488,4274.383
485.678,4232.686
485.868,4212.934
486.058,4198.304
486.248,4174.291
486.437,4131.735
486.627,4104.668
486.817,4081.991
487.007,4054.965
487.197,4022.022
487.387,3992.013
487.577,3972.954
487.767,3961.175
487.958,3937.652
488.148,3911.155
488.338,3886.908
488.528,3870.649
488.718,3835.354
488.908,3810.812
489.098,3800.355
489.288,3776.037
489.478,3759.088
489.669,3729.81
489.859,3708.763
490.049,3690.607
490.239,3655.411
490.429,3642.127
490.62,3623.955
490.81,3592.244
491.0,3567.489
491.19,3552.014
491.381,3535.802
491.571,3514.052
491.761,3480.179
491.952,3468.005
492.142,3459.102
492.332,3439.5
492.523,3408.481
492.713,3380.416
492.903,3370.076
493.094,3347.438
493.284,3326.004
493.475,3302.868
493.665,3278.291
493.855,3256.699
494.046,3237.35
494.236,3212.875
494.427,3185.629
494.617,3172.501
494.808,3157.763
494.998,3132.707
495.189,3110.025
495.379,3093.051
495.57,3073.863
495.761,3050.985
495.951,3028.127
496.142,3009.664
496.332,2983.838
496.523,2963.189
496.714,2940.328
496.904,2917.527
497.095,2907.142
497.286,2897.48
497.476,2874.601
497.667,2845.933
497.858,2829.457
498.048,2821.94
498.239,2805.536
498.43,2787.785
498.621,2768.554
498.811,2742.118
499.002,2718.144
499.193,2705.598
499.384,2684.196
499.575,2669.68
499.766,2657.628
499.956,2631.06
500.147,2602.571
500.338,2589.296
500.529,2575.709
500.72,2565.056
500.911,2549.953
501.102,2535.91
501.293,2520.743
501.484,2494.529
501.675,2472.04
501.866,2460.638
502.057,2448.111
502.248,2429.688
502.439,2409.054
502.63,2391.816
502.821,2378.562
503.012,2366.043
503.203,2346.897
503.394,2329.961
503.585,2324.07
503.776,2310.586
503.967,2291.455
504.158,2278.415
504.349,2266.633
504.541,2250.432
504.732,2232.759
504.923,2220.977
505.114,2207.139
505.305,2190.19
505.497,2171.156
505.688,2158.619
505.879,2144.607
506.07,2131.43
506.261,2119.622
506.453,2098.958
506.644,2090.907
506.835,2084.999
507.027,2071.705
507.218,2056.934
507.409,2042.933
507.601,2025.195
507.792,2012.639
507.983,2003.766
508.175,1983.769
508.366,1974.12
508.558,1961.461
508.749,1947.317
508.94,1935.382
509.132,1920.453
509.323,1911.393
509.515,1900.141
509.706,1885.972
509.898,1874.787
510.089,1862.007
510.281,1851.559
510.472,1844.843
510.664,1826.186
510.855,1801.707
511.047,1789.03
511.239,1779.336
511.43,1770.791
511.622,1757.915
511.813,1745.576
512.005,1731.701
512.197,1725.293
512.388,1709.309
512.58,1689.308
512.772,1676.029
512.963,1672.521
513.155,1666.231
513.347,1656.153
513.538,1648.329
513.73,1629.894
513.922,1616.445
514.114,1603.713
514.306,1594.746
514.497,1578.776
514.689,1562.807
514.881,1559.004
515.073,1543.795
515.265,1524.784
515.456,1512.246
515.648,1508.441
515.84,1498.165
516.032,1479.49
516.224,1476.042
516.416,1464.546
516.608,1448.425
516.8,1441.877
516.992,1433.02
517.184,1423.708
517.376,1410.977
517.568,1403.296
517.76,1392.077
517.952,1381.609
518.144,1373.723
518.336,1365.812
518.528,1351.694
518.72,1348.873
518.912,1334.178
519.104,1323.351
519.296,1317.655
519.488,1309.614
519.68,1303.643
519.872,1294.327
520.064,1278.582
520.256,1266.17
520.449,1256.084
520.641,1246.967
520.833,1244.05
521.025,1227.734
521.217,1216.247
521.41,1210.64
521.602,1203.964
521.794,1194.777
521.986,1184.94
522.179,1178.059
522.371,1173.511
522.563,1165.698
522.755,1153.979
522.948,1143.936
523.14,1136.224
523.332,1129.181
523.525,1118.319
523.717,1119.196
523.91,1106.657
524.102,1094.265
524.294,1092.696
524.487,1082.492
524.679,1076.272
524.872,1073.916
525.064,1062.181
525.256,1053.533
525.449,1049.642
525.641,1042.561
525.834,1026.038
526.026,1022.927
526.219,1022.157
526.411,1010.327
526.604,1003.23
526.797,1000.864
526.989,997.707
527.182,983.488
527.374,972.407
527.567,966.9
527.759,964.558
527.952,953.509
528.145,946.363
528.337,936.835
528.53,933.673
528.723,928.93
528.915,922.606
529.108,914.633
529.301,908.231
529.493,901.105
529.686,899.602
529.879,889.317
530.072,881.405
530.264,873.494
530.457,864.792
530.65,857.784
530.843,853.947
531.036,851.577
531.228,846.717
531.421,840.267
531.614,833.146
531.807,827.608
532.0,813.368
532.193,804.82
532.385,799.445
532.578,798.655
532.771,797.075
532.964,786.186
533.157,782.411
533.35,776.279
533.543,770.763
533.736,766.035
533.929,758.154
534.122,749.486
534.315,745.546
534.508,744.758
534.701,743.768
534.894,734.305
535.087,724.052
535.28,715.942
535.473,718.087
535.666,716.284
535.859,712.895
536.052,709.27
536.246,700.316
536.439,692.936
536.632,690.063
536.825,688.473
537.018,682.656
537.211,672.054
537.405,668.869
537.598,663.296
537.791,658.519
537.984,654.538
538.177,647.091
538.371,635.139
538.564,632.456
538.757,636.443
538.95,633.254
539.144,629.769
539.337,626.576
539.53,616.201
539.724,615.403
539.917,616.201
540.11,607.423
540.304,601.836
540.497,595.451
540.69,589.537
540.884,591.934
541.077,582.349
541.271,579.617
541.464,573.681
541.657,567.735
541.851,570.594
542.044,565.438
542.238,562.682
542.431,557.511
542.625,556.708
542.818,554.744
543.012,539.905
543.205,537.491
543.399,539.534
543.592,534.704
543.786,529.494
543.979,522.663
544.173,523.892
544.367,524.739
544.56,517.073
544.754,517.492
544.947,513.465
545.141,510.635
545.335,505.775
545.528,503.745
545.722,501.712
545.916,493.156
546.109,485.798
546.303,482.927
546.497,483.718
546.691,474.286
546.884,473.035
547.078,470.577
547.272,466.041
547.466,462.759
547.659,457.392
547.853,456.946
548.047,457.322
548.241,446.176
548.435,437.483
548.628,431.604
548.822,440.582
549.016,437.535
549.21,429.962
549.404,429.014
549.598,430.562
549.792,427.587
549.986,424.254
550.179,422.94
550.373,420.789
550.567,415.78
550.761,412.786
550.955,408.115
551.149,406.783
551.343,409.636
551.537,405.788
551.731,391.028
551.925,387.998
552.119,395.887
552.313,394.538
552.507,389.82
552.701,381.724
552.896,376.143
553.09,375.09
553.284,367.799
553.478,371.809
553.672,369.582
553.866,364.267
554.06,362.877
554.254,359.784
554.449,357.234
554.643,353.282
554.837,349.027
555.031,351.88
555.225,347.621
555.42,347.917
555.614,346.508
555.808,341.972
556.002,339.698
556.196,337.71
556.391,331.138
556.585,336.003
556.779,337.442
556.974,327.679
557.168,323.927
557.362,323.623
557.557,323.903
557.751,324.465
557.945,318.078
558.14,314.877
558.334,318.91
558.528,317.444
558.723,309.868
558.917,306.039
559.112,308.932
559.306,306.307
559.501,299.57
559.695,301.321
559.889,301.586
560.084,295.451
560.278,291.945
560.473,294.574
560.667,291.945
560.862,289.316
561.056,284.058
561.251,273.78
561.446,275.777
561.64,280.167
561.835,274.899
562.029,280.413
562.224,278.656
562.418,272.744
562.613,271.865
562.808,266.823
563.002,267.058
563.197,262.653
563.392,261.121
563.586,261.582
563.781,260.045
563.976,262.93
564.17,256.735
564.365,248.991
564.56,252.758
564.755,249.212
564.949,250.321
565.144,253.207
565.339,254.984
565.534,244.544
565.728,240.099
565.923,242.092
566.118,236.965
566.313,232.513
566.508,232.72
566.702,231.829
566.897,231.829
567.092,232.928
567.287,233.82
567.482,238.493
567.677,235.815
567.872,224.208
568.067,221.529
568.261,222.621
568.456,219.243
568.651,214.77
568.846,219.439
569.041,221.23
569.236,219.636
569.431,220.532
569.626,217.142
569.821,209.968
570.016,208.174
570.211,206.566
570.406,208.361
570.601,210.156
570.796,204.77
570.991,207.464
571.186,210.345
571.382,205.139
571.577,201.542
571.772,198.844
571.967,201.542
572.162,200.824
572.357,199.023
572.552,201.005
572.747,195.599
572.943,195.599
573.138,196.5
573.333,192.169
573.528,188.562
573.723,187.661
573.919,188.563
574.114,184.054
574.309,187.83
574.504,193.246
574.7,188.733
574.895,181.513
575.09,182.416
575.285,179.87
575.481,173.547
575.676,173.704
575.871,181.842
576.067,182.911
576.262,177.642
576.457,171.457
576.653,184.317
576.848,178.872
577.043,175.402
577.239,173.743
577.434,164.652
577.63,162.073
577.825,166.622
578.021,164.953
578.216,166.774
578.411,159.488
578.607,154.164
578.802,161.457
578.998,164.192
579.193,164.192
579.389,160.692
579.584,155.218
579.78,155.218
579.975,157.186
580.171,158.244
580.366,156.416
580.562,154.729
580.758,153.955
580.953,155.93
581.149,156.073
581.344,154.38
581.54,155.298
581.736,150.845
581.931,150.064
582.127,146.519
582.323,145.733
582.518,147.712
582.714,146.002
582.91,140.722
583.105,145.617
583.301,149.601
583.497,147.882
583.692,141.64
583.888,142.704
584.084,139.235
584.28,138.431
584.475,139.366
584.671,130.142
584.867,134.009
585.063,134.945
585.259,136.009
585.454,137.075
585.65,136.137
585.846,131.57
586.042,131.694
586.238,125.115
586.434,125.233
586.63,127.234
586.825,129.239
587.021,133.135
587.217,131.372
587.413,127.715
587.609,123.223
587.805,123.339
588.001,122.508
588.197,123.574
588.393,118.939
588.589,120.003
588.785,120.232
588.981,119.393
589.177,118.665
589.373,119.736
589.569,119.007
589.765,119.236
589.961,119.35
590.157,116.69
590.353,111.017
590.549,118.846
590.745,118.961
590.941,115.208
591.137,114.351
591.333,114.462
591.53,116.513
591.726,116.627
591.922,113.825
592.118,110.044
592.314,109.178
592.51,108.31
592.706,110.367
592.903,111.451
593.099,105.592
593.295,104.718
593.491,102.863
593.687,106.882
593.884,109.82
594.08,105.026
594.276,96.297
594.472,98.356
594.669,99.437
594.865,96.582
595.061,103.574
595.258,107.515
595.454,107.515
595.65,101.704
595.847,100.718
596.043,95.881
596.239,95.976
596.436,102.006
596.632,98.147
596.828,96.262
597.025,91.397
597.221,94.561
597.418,100.525
597.614,99.631
597.81,95.841
598.007,96.838
598.203,96.935
598.4,94.939
598.596,86.043
598.793,84.045
598.989,88.13
599.186,86.216
599.382,86.302
599.579,85.3
599.775,87.392
599.972,88.484
600.168,93.692
600.365,99.829
600.561,90.949
600.758,89.021
600.955,87.177
601.151,88.278
601.348,85.325
601.544,82.367
601.741,82.367
601.938,83.382
602.134,88.458
602.331,86.428
602.528,82.367
602.724,85.413
602.921,85.413
603.118,82.451
603.314,86.516
603.511,82.451
603.708,73.305
603.904,77.37
604.101,75.338
604.298,72.289
604.495,78.467
604.691,83.553
604.888,83.553
605.085,88.55
605.282,87.623
605.479,80.584
605.675,83.724
605.872,81.769
606.069,77.767
606.266,71.638
606.463,80.914
606.659,82.021
606.856,84.068
607.053,83.129
607.25,72.884
607.447,71.859
607.644,75.958
607.841,71.86
608.038,76.983
608.235,78.007
608.432,80.139
608.628,75.088
608.825,76.114
609.022,74.214
609.219,72.23
609.416,75.398
609.613,74.444
609.81,68.252
610.007,76.587
610.204,77.62
610.401,70.389
610.598,70.389
610.795,76.509
610.993,72.306
611.19,76.351
611.387,80.305
611.584,73.036
611.781,67.833
611.978,68.859
612.175,73.987
612.372,69.813
612.569,65.648
612.766,71.789
612.964,76.907
613.161,67.626
613.358,62.514
613.555,70.622
613.752,67.557
613.949,60.469
614.147,64.559
614.344,66.672
614.541,72.888
614.738,67.835
614.936,64.891
615.133,63.93
615.33,60.906
615.527,56.845
615.725,68.185
615.922,64.128
616.119,64.194
616.316,66.261
616.514,65.228
616.711,61.096
616.908,59.091
617.106,62.193
617.303,62.193
617.5,57.023
617.698,56.964
617.895,57.937
618.093,56.847
618.29,57.818
618.487,66.057
618.685,57.759
618.882,56.73
619.08,58.788
619.277,61.875
619.474,61.875
619.672,58.849
619.869,56.848
620.067,54.786
620.264,55.817
620.462,53.7
620.659,47.521
620.857,56.732
621.054,60.91
621.252,54.731
621.449,52.671
621.647,47.522
621.844,52.726
622.042,51.748
622.24,61.099
622.437,55.992
622.635,54.036
622.832,56.167
623.03,49.995
623.227,51.086
623.425,52.126
623.623,54.261
623.82,58.485
624.018,55.418
624.216,58.607
624.413,50.257
624.611,55.476
624.809,57.564
625.006,53.389
625.204,51.301
625.402,55.534
625.599,55.535
625.797,52.4
625.995,50.258
626.193,49.214
626.39,59.653
626.588,57.625
626.786,52.401
626.984,46.131
627.182,50.311
627.379,51.356
627.577,45.087
627.775,46.132
627.973,44.042
628.171,50.312
628.368,51.411
628.566,51.465
628.764,49.474
628.962,44.274
629.16,47.525
629.358,51.845
629.556,51.9
629.753,49.841
629.951,49.841
630.149,53.069
630.347,56.243
630.545,49.894
630.743,47.778
630.941,42.487
631.139,44.604
631.337,45.614
631.535,48.785
631.733,53.07
631.931,48.837
632.129,46.721
632.327,54.129
632.525,57.303
632.723,54.186
632.921,46.821
633.119,44.747
633.317,39.524
633.515,43.826
633.713,52.401
633.911,46.054
634.109,39.736
634.307,42.99
634.506,41.92
634.704,38.749
634.902,39.864
635.1,44.156
635.298,45.278
635.496,42.101
635.694,44.299
635.892,37.841
636.091,34.649
636.289,45.425
636.487,46.553
636.685,41.204
636.883,44.444
637.082,43.364
637.28,38.006
637.478,35.844
637.676,34.8
637.875,39.172
638.073,43.506
638.271,43.553
638.469,40.299
638.668,41.429
638.866,37.086
639.064,32.743
639.262,37.087
639.461,37.047
639.659,42.47
639.857,44.639
640.056,40.345
640.254,41.431
640.452,38.215
640.651,38.215
640.849,36.08
641.048,38.257
641.246,31.763
641.444,30.707
641.643,30.707
641.841,34.016
642.04,38.383
642.238,37.332
642.436,31.903
642.635,34.129
642.833,39.649
643.032,39.692
643.23,40.835
643.429,30.979
643.627,26.579
643.826,30.979
644.024,35.38
644.223,32.08
644.421,26.609
644.62,31.014
644.818,36.561
645.017,35.459
645.215,35.498
645.414,42.168
645.612,39.958
645.811,33.328
646.01,33.365
646.208,33.402
646.407,33.402
646.605,34.472
646.804,33.366
647.003,31.119
647.201,36.604
647.4,29.981
647.599,27.774
647.797,33.293
647.996,32.19
648.195,28.878
648.393,33.294
648.592,35.501
648.791,37.709
648.989,37.751
649.188,34.436
649.387,27.837
649.585,35.66
649.784,36.809
649.983,33.554
650.182,40.273
650.38,40.318
650.579,35.899
650.778,31.506
650.977,32.698
651.176,38.303
651.374,33.819
651.573,28.245
651.772,26.001
651.971,27.154
652.17,26.031
652.368,31.649
652.567,29.402
652.766,29.402
652.965,28.279
653.164,35.06
653.363,40.638
653.562,31.65
653.761,27.156
653.959,23.785
654.158,29.469
654.357,33.974
654.556,29.47
654.755,31.758
654.954,38.566
655.153,32.96
655.352,26.21
655.551,31.903
655.75,31.903
655.949,29.605
656.148,27.342
656.347,30.736
656.546,26.212
656.745,28.474
656.944,35.262
657.143,25.053
657.342,21.663
657.541,23.923
657.74,31.869
657.939,29.607
658.138,25.054
658.337,25.054
658.536,29.574
658.735,27.314
658.934,27.345
659.134,27.345
659.333,22.821
659.532,19.427
659.731,26.244
659.93,28.542
660.129,20.606
660.328,20.606
660.528,26.275
660.727,28.543
660.926,25.17
661.125,18.381
661.324,19.517
661.523,21.815
661.723,25.257
661.922,26.426
662.121,26.426
662.32,26.427
662.52,23.032
662.719,24.174
662.918,30.988
663.117,29.848
663.317,27.568
663.516,25.259
663.715,26.398
663.914,26.428
664.114,24.148
664.313,26.429
664.512,24.148
664.712,27.569
664.911,28.71
665.11,23.009
665.31,23.009
665.509,18.448
665.708,25.261
665.908,28.678
666.107,24.123
666.306,24.123
666.506,20.73
666.705,25.291
666.905,24.151
667.104,23.011
667.303,21.871
667.503,24.179
667.702,27.636
667.902,23.091
668.101,19.659
668.301,23.118
668.5,26.554
668.699,18.536
668.899,18.536
669.098,23.119
669.298,24.236
669.497,26.495
669.697,24.209
669.896,24.182
670.096,19.616
670.295,17.333
670.495,24.21
670.695,26.496
670.894,24.211
671.094,18.496
671.293,15.085
671.493,18.518
671.692,23.095
671.892,24.212
672.092,21.901
672.291,25.297
672.491,20.736
672.69,20.76
672.89,23.07
673.09,17.356
673.289,21.953
673.489,29.962
673.689,23.124
673.888,12.829
674.088,18.585
674.288,31.286
674.487,31.322
674.687,25.592
674.887,18.693
675.086,17.539
675.286,18.715
675.486,18.715
675.685,18.737
675.885,26.839
676.085,15.266
676.285,15.266
676.484,17.581
676.684,15.266
676.884,16.424
677.084,19.896
677.283,24.526
677.483,15.267
677.683,12.953
677.883,22.212
678.083,21.055
678.282,15.268
678.482,22.213
678.682,17.583
678.882,10.639
679.082,16.426
679.282,10.64
679.481,16.427
679.681,16.427
679.881,21.057
680.081,21.082
680.281,16.447
680.481,24.587
680.681,30.423
680.881,24.673
681.081,17.689
681.281,23.51
681.48,20.041
681.68,17.71
681.88,22.398
682.08,15.397
682.28,16.565
682.48,21.232
682.68,16.565
682.88,18.921
683.08,17.753
683.28,14.249
683.48,13.081
683.68,16.586
683.88,10.732
684.08,17.754
684.28,23.596
684.48,17.755
684.68,20.115
684.88,20.115
685.08,20.139
685.28,16.627
685.481,20.14
685.681,10.772
685.881,11.943
686.081,15.457
686.281,11.93
686.481,16.609
686.681,23.599
686.881,28.305
687.081,24.797
687.281,22.458
687.482,24.826
687.682,21.364
687.882,16.669
688.082,24.914
688.282,19.039
688.482,14.356
688.683,14.356
688.883,17.886
689.083,13.18
689.283,10.828
689.483,16.691
689.684,22.593
689.884,16.711
690.084,17.909
690.284,17.909
690.484,12.034
690.685,12.049
690.885,16.791
691.085,20.362
691.286,16.851
691.486,10.933
691.686,16.872
691.886,13.325
692.087,14.514
692.287,21.675
692.487,16.933
692.688,21.675
692.888,15.723
693.088,19.272
693.289,18.083
693.489,22.813
693.689,12.124
693.89,14.483
694.09,19.205
694.29,14.466
694.491,16.836
694.691,18.042
694.891,10.938
695.092,12.141
695.292,20.489
695.493,20.489
695.693,12.156
695.894,16.958
696.094,22.953
696.294,16.979
696.495,12.215
696.695,19.369
696.896,22.954
697.096,14.591
697.297,14.609
697.497,18.241
697.698,12.261
697.898,11.061
698.099,18.264
698.299,23.094
698.5,20.715
698.7,15.921
698.901,18.353
699.101,19.536
699.302,14.717
699.502,11.09
699.703,11.103
699.903,14.736
700.104,11.131
700.304,14.772
700.505,11.172
700.706,8.758
700.906,13.663
701.107,17.381
701.307,16.198
701.508,17.445
701.709,22.381
701.909,26.035
702.11,23.552
702.31,21.102
702.511,16.2
702.712,18.628
702.912,23.496
703.113,14.921
703.314,13.683
703.514,20.975
703.715,27.098
703.916,14.904
704.116,14.904
704.317,19.782
704.518,18.586
704.719,14.923
704.919,13.719
705.12,11.302
705.321,7.635
705.521,13.787
705.722,17.516
705.923,12.606
706.124,11.387
706.324,15.091
706.525,10.166
706.726,10.166
706.927,11.403
707.128,11.417
707.328,7.695
707.529,15.093
707.73,13.859
707.931,18.798
708.132,11.391
708.332,8.922
708.533,7.688
708.734,10.144
708.935,8.901
709.136,11.378
709.337,13.862
709.537,10.158
709.738,16.331
709.939,20.06
710.14,8.958
710.341,8.981
710.542,8.992
710.743,12.74
710.944,13.985
711.144,10.25
711.345,12.741
711.546,12.725
711.747,11.467
711.948,11.468
712.149,16.437
712.35,12.711
712.551,13.971
712.752,21.434
712.953,15.234
713.154,16.5
713.355,16.542
713.556,16.563
713.757,15.331
713.958,15.331
714.159,19.091
714.36,17.816
714.561,12.81
714.762,16.565
714.963,10.307
715.164,14.062
715.365,17.84
715.566,12.844
715.767,10.348
715.968,9.115
716.169,14.188
716.37,15.491
716.571,10.441
716.772,6.639
716.973,16.8
717.175,12.993
717.376,13.01
717.577,19.339
717.778,23.088
717.979,19.242
718.18,14.156
718.381,10.365
718.582,9.108
718.783,6.584
718.985,11.581
719.186,15.302
719.387,9.052
719.588,5.303
719.789,5.303
719.99,2.807
720.192,7.823
720.393,17.871
720.594,17.894
720.795,16.659
720.996,16.701
721.198,10.423
721.399,16.766
721.6,15.539
721.801,15.56
722.002,9.207
722.204,9.219
722.405,18.125
722.606,15.581
722.807,11.749
723.009,10.453
723.21,6.642
723.411,12.955
723.613,14.202
723.814,10.401
724.015,14.185
724.216,10.402
724.418,6.628
724.619,9.165
724.82,0.316
725.022,12.991
725.223,16.837
725.424,13.025
725.626,15.587
725.827,15.607
726.028,18.132
726.23,18.109
726.431,10.486
726.632,6.674
726.834,13.011
727.035,15.55
727.237,7.946
727.438,15.551
727.639,16.799
727.841,18.067
728.042,14.265
728.244,7.928
728.445,6.652
728.646,11.701
728.848,11.672
729.049,19.239
729.251,25.577
729.452,19.288
729.654,12.984
729.855,15.536
730.057,14.287
730.258,13.035
730.459,15.596
730.661,7.973
730.862,6.7
731.064,11.796
731.265,10.509
731.467,9.237
731.668,15.579
731.87,14.309
732.071,9.226
732.273,13.039
732.474,10.485
732.676,2.863
732.878,6.661
733.079,15.523
733.281,10.46
733.482,7.928
733.684,15.504
733.885,16.769
734.087,21.854
734.288,18.057
734.49,18.103
734.692,11.773
734.893,19.397
735.095,14.333
735.296,7.962
735.498,14.316
735.7,9.234
735.901,10.505
736.103,14.299
736.305,7.944
736.506,10.453
736.708,12.982
736.91,11.703
737.111,18.017
737.313,19.256
737.514,15.454
737.716,11.676
737.918,14.177
738.12,12.92
738.321,11.677
738.523,10.418
738.725,12.937
738.926,12.938
739.128,14.198
739.33,16.738
739.531,17.999
739.733,15.458
739.935,10.421
740.137,12.94
740.338,9.151
740.54,19.19
740.742,11.638
740.944,6.62
741.145,12.878
741.347,15.384
741.549,16.638
741.751,10.36
741.952,7.857
742.154,11.612
742.356,14.116
742.558,22.877
742.76,9.11
742.961,6.608
743.163,20.401
743.365,11.644
743.567,5.378
743.769,14.172
743.971,14.173
744.172,15.449
744.374,11.676
744.576,7.902
744.778,9.161
744.98,10.406
745.182,9.139
745.384,15.413
745.585,15.413
745.787,9.14
745.989,6.623
746.191,14.142
746.393,14.16
746.595,10.397
746.797,10.397
746.999,10.398
747.201,7.889
747.403,7.879
747.605,5.36
747.806,6.61
748.008,19.087
748.21,19.064
748.412,14.077
748.614,11.583
748.816,14.095
749.018,16.613
749.22,15.402
749.422,17.977
749.624,18.045
749.826,20.597
750.028,15.54
750.23,5.427
750.432,4.163
750.634,11.734
750.836,11.735
751.038,14.243
751.24,10.447
751.442,11.692
751.644,16.724
751.846,15.467
752.048,14.227
752.25,23.073
752.452,26.924
752.654,21.896
752.856,14.337
753.058,20.683
753.261,20.71
753.463,14.375
753.665,15.668
753.867,24.617
754.069,15.669
754.271,13.088
754.473,16.858
754.675,19.344
754.877,19.296
755.079,20.584
755.282,15.534
755.484,9.221
755.686,10.497
755.888,9.269
756.09,2.935
756.292,5.505
756.494,8.083
756.696,18.387
756.899,24.783
757.101,17.103
757.303,13.265
757.505,18.437
757.707,24.849
757.909,17.149
758.112,15.882
758.314,19.779
758.516,10.735
758.718,5.575
758.92,6.887
759.123,10.779
759.325,18.537
759.527,9.458
759.729,14.615
759.932,19.758
760.134,12.001
760.336,9.412
760.538,14.542
760.74,11.971
760.943,19.684
761.145,18.399
761.347,13.275
761.55,13.31
761.752,10.744
761.954,9.477
762.156,13.398
762.359,27.721
762.561,21.275
762.763,10.859
762.966,8.259
763.168,12.182
763.37,14.816
763.572,9.581
763.775,10.89
763.977,17.413
764.179,14.799
764.382,18.696
764.584,17.414
764.786,9.584
764.989,8.287
765.191,4.35
765.393,8.277
765.596,22.705
765.798,16.174
766.001,9.6
766.203,14.843
766.405,14.863
766.608,12.255
766.81,13.588
767.012,13.606
767.215,12.289
767.417,5.702
767.62,3.068
767.822,5.711
768.024,5.712
768.227,10.989
768.429,8.351
768.632,8.341
768.834,14.949
769.037,16.29
769.239,11.021
769.441,5.739
769.644,5.755
769.846,11.082
770.049,9.753
770.251,11.098
770.454,13.762
770.656,9.768
770.859,7.115
771.061,7.134
771.264,11.16
771.466,15.198
771.669,12.534
771.871,13.896
772.074,11.208
772.276,5.84
772.479,15.283
772.681,16.631
772.884,15.263
773.086,8.523
773.289,3.143
773.491,11.182
773.694,9.816
773.896,15.124
774.099,13.755
774.301,12.409
774.504,9.754
774.707,15.066
774.909,15.067
775.112,15.108
775.314,12.479
775.517,5.819
775.719,7.178
775.922,8.555
776.125,12.616
776.327,15.357
776.53,5.901
776.732,4.551
776.935,3.189
777.138,3.19
777.34,9.975
777.543,11.348
777.745,19.474
777.948,19.448
778.151,7.244
778.353,15.343
778.556,19.398
778.759,7.236
778.961,9.926
779.164,9.914
779.367,11.232
779.569,19.297
779.772,20.669
779.975,12.612
780.177,15.349
780.38,12.664
780.583,14.056
780.785,14.076
780.988,11.375
781.191,1.857
781.393,16.887
781.596,19.647
781.799,11.44
782.002,11.409
782.204,5.929
782.407,5.913
782.61,3.2
782.812,5.907
783.015,12.691
783.218,12.674
783.421,5.909
783.623,7.263
783.826,14.068
784.029,8.676
784.232,10.081
784.434,8.725
784.637,3.246
784.84,7.347
785.043,11.436
785.245,5.972
785.448,1.874
785.651,3.228
785.854,7.291
786.057,14.057
786.259,7.282
786.462,1.863
786.665,8.639
786.868,10.008
787.071,16.816
787.273,10.037
787.476,10.051
787.679,10.079
787.882,8.714
788.085,14.199
788.288,14.199
788.49,11.48
788.693,16.96
788.896,6.002
789.099,1.893
789.302,1.891
789.505,3.256
789.707,8.721
789.91,7.366
790.113,8.746
790.316,12.857
790.519,11.488
790.722,8.749
790.925,11.489
791.128,12.86
791.33,1.902
791.533,-0.836
791.736,11.461
791.939,7.353
792.142,4.619
792.345,11.432
792.548,1.896
792.751,8.709
792.954,10.072
793.157,7.368
793.36,11.467
793.563,10.116
793.765,14.22
793.968,11.47
794.171,6.006
794.374,14.223
794.577,11.503
794.78,8.777
794.983,12.928
795.186,10.206
795.389,10.207
795.592,6.078
795.795,6.087
795.998,14.367
796.201,3.318
796.404,3.324
796.607,7.463
796.81,1.931
797.013,0.556
797.216,0.557
797.419,4.679
797.622,7.437
797.825,7.448
798.028,4.694
798.231,-0.815
798.434,-0.814
798.637,8.829
798.84,12.98
799.043,12.963
799.246,8.819
799.449,11.555
799.652,15.634
799.855,12.877
800.058,3.302
800.261,-2.169
800.464,3.3
800.668,3.296
800.871,10.104
801.074,8.719
801.277,8.72
801.48,10.107
801.683,1.936
801.886,6.03
802.089,11.488
802.292,8.772
802.495,1.945
802.698,3.314
802.901,1.947
803.105,1.945
803.308,11.477
803.511,7.381
803.714,10.117
803.917,12.842
804.12,11.45
804.323,7.364
804.526,4.658
804.73,-0.777
804.933,6.035
805.136,16.912
805.339,15.552
805.542,10.097
805.745,8.727
805.948,4.664
806.152,4.665
806.355,1.946
806.558,6.009
806.761,12.785
806.964,11.462
807.167,11.494
807.371,11.495
807.574,6.055
807.777,8.784
807.98,10.15
808.183,3.329
808.386,6.075
808.59,11.548
808.793,10.181
808.996,6.086
809.199,8.827
809.402,11.536
809.606,7.429
809.809,-0.757
810.012,11.539
810.215,21.074
810.419,11.478
810.622,3.318
810.825,7.374
811.028,4.656
811.231,4.663
811.435,7.367
811.638,6.016
811.841,1.963
812.044,6.018
812.248,8.734
812.451,15.522
812.654,10.103
812.857,4.69
813.061,7.405
813.264,11.476
813.467,6.05
813.671,6.042
813.874,6.043
814.077,-6.159
814.28,4.697
814.484,7.401
814.687,4.68
814.89,1.973
815.094,7.345
815.297,4.645
815.5,-0.716
815.704,1.966
815.907,1.967
816.11,0.628
816.313,1.977
816.517,10.081
816.72,4.683
816.923,-0.714
817.127,11.418
817.33,10.071
817.533,4.675
817.737,7.348
817.94,8.668
818.143,-3.37
818.347,-3.374
818.55,-6.054
818.754,3.317
818.957,4.663
819.16,3.328
819.364,3.334
819.567,0.649
819.77,10.111
819.974,10.153
820.177,3.37
820.38,-2.057
820.584,12.905
820.787,15.648
820.991,2.025
821.194,0.664
821.397,6.106
821.601,-0.693
821.804,6.084
822.008,8.783
822.211,10.096
822.414,6.03
822.618,0.66
822.821,3.33
823.025,8.648
823.228,4.648
823.431,-0.669
823.635,-7.289
823.838,1.981
824.042,3.305
824.245,-0.663
824.449,4.636
824.652,4.643
824.855,7.307
825.059,9.951
825.262,5.973
825.466,-0.659
825.669,5.991
825.873,3.341
826.076,0.676
826.28,3.344
826.483,6.003
826.687,0.678
826.89,8.657
827.094,2.01
827.297,0.681
827.5,-1.98
827.704,3.352
827.907,4.686
828.111,10.021
828.314,7.355
828.518,8.713
828.721,6.048
828.925,15.441
829.128,14.12
829.332,15.443
829.535,7.382
829.739,3.368
829.942,3.364
830.146,-0.635
830.349,7.347
830.553,12.6
830.757,4.64
830.96,2.002
831.164,7.236
831.367,3.306
831.571,4.627
831.774,3.322
831.978,2.008
832.181,3.315
832.385,5.95
832.588,13.88
832.792,16.582
832.995,3.36
833.199,2.039
833.403,-4.591
833.606,-4.59
833.81,-4.589
834.013,-3.261
834.217,2.042
834.42,9.938
834.624,9.9
834.828,7.258
835.031,5.942
835.235,7.25
835.438,11.159
835.642,13.771
835.845,11.147
836.049,8.54
836.253,11.178
836.456,7.277
836.66,4.657
836.863,3.347
837.067,5.962
837.271,9.877
837.474,7.264
837.678,5.966
837.881,-3.204
838.085,-0.578
838.289,0.738
838.492,-1.895
838.696,4.7
838.9,7.34
839.103,4.696
839.307,3.385
839.51,6.025
839.714,4.7
839.918,8.631
840.121,9.934
840.325,3.365
840.529,11.219
840.732,9.912
840.936,0.751
841.14,7.287
841.343,5.981
841.547,9.891
841.751,12.52
841.954,11.214
842.158,9.895
842.362,-1.853
842.565,-0.546
842.769,4.677
842.973,5.984
843.176,2.071
843.38,-3.152
843.584,-3.138
843.787,0.762
843.991,4.648
844.195,7.231
844.398,8.493
844.602,9.758
844.806,3.32
845.009,3.313
845.213,4.585
845.417,0.76
845.62,4.588
845.824,4.589
846.028,12.244
846.232,10.942
846.435,13.47
846.639,12.17
846.843,5.82
847.046,-14.352
847.25,-18.084
847.454,5.758
847.658,3.239
847.861,6.924
848.065,9.36
848.269,5.664
848.473,8.113
848.676,14.249
848.88,13.023
849.084,11.783
849.287,15.48
849.491,4.449
849.695,4.456
849.899,10.615
850.102,15.543
850.306,21.675
850.51,19.264
850.714,25.493
850.917,26.797
851.121,24.29
851.325,23.054
851.529,23.112
851.733,21.9
851.936,28.113
852.14,20.635
852.344,25.536
852.548,27.943
852.751,20.537
852.955,25.414
853.159,40.095
853.363,37.547
853.566,26.519
853.77,31.384
853.974,30.236
854.178,35.145
854.382,35.147
854.585,36.286
854.789,38.688
854.993,45.912
855.197,45.858
855.401,42.154
855.604,46.964
855.808,51.638
856.012,53.995
856.216,53.931
856.42,56.28
856.623,66.091
856.827,66.253
857.031,61.332
857.235,55.146
857.439,58.913
857.643,50.562
857.846,55.418
858.05,71.283
858.254,66.424
858.458,71.286
858.662,68.941
858.866,67.809
859.069,65.374
859.273,70.077
859.477,69.993
859.681,73.368
859.885,71.9
860.089,71.901
860.292,68.206
860.496,72.934
860.7,75.339
860.904,80.245
861.108,81.352
861.312,84.654
861.516,91.841
861.719,90.862
861.923,95.896
862.127,93.603
862.331,90.099
862.535,92.513
862.739,96.018
862.943,97.577
863.147,88.225
863.35,93.307
863.554,90.876
863.758,84.589
863.962,86.912
864.166,85.494
864.37,83.078
864.574,88.91
864.778,79.071
864.981,77.775
865.185,81.09
865.389,72.448
865.593,69.813
865.797,73.208
866.001,77.77
866.205,78.491
866.409,79.203
866.613,76.33
866.817,71.189
867.02,70.702
867.224,71.521
867.428,72.333
867.632,79.917
867.836,81.717
868.04,82.564
868.244,80.236
868.448,77.566
868.652,76.117
868.856,73.74
869.06,74.435
869.263,70.829
869.467,73.79
869.671,78.894
869.875,78.555
870.079,77.226
870.283,81.534
870.487,81.535
870.691,80.374
870.895,78.225
871.099,81.277
871.303,84.227
871.507,85.116
871.711,84.665
871.915,83.34
872.119,79.577
872.322,82.126
872.526,88.017
872.73,86.531
872.934,84.205
873.138,79.677
873.342,86.496
873.546,87.162
873.75,85.539
873.954,93.425
874.158,88.036
874.362,85.774
874.566,92.775
874.77,89.777
874.974,91.778
875.178,89.78
875.382,88.781
875.586,93.783
875.79,93.784
875.994,91.786
876.198,94.787
876.402,94.789
876.606,95.79
876.81,89.792
877.014,87.793
877.218,92.795
877.422,98.797
877.626,104.798
877.829,103.8
878.033,101.801
878.237,101.803
878.441,104.804
878.645,107.806
878.849,102.807
879.053,95.809
879.257,98.811
879.461,95.812
879.665,98.814
879.869,92.815
880.073,88.817
880.277,94.819
880.481,98.82
880.685,91.822
880.889,93.823
881.093,95.825
881.297,91.827
881.501,93.828
881.705,94.83
881.909,90.832
882.113,93.833
882.317,95.835
882.521,90.837
882.725,85.838
882.929,90.84
883.133,100.841
883.337,98.843
883.541,89.845
883.746,91.846
883.95,90.848
884.154,90.85
884.358,87.852
884.562,85.853
884.766,88.855
884.97,89.857
885.174,84.858
885.378,84.86
885.582,90.862
885.786,90.863
885.99,91.865
886.194,93.867
886.398,95.869
886.602,94.87
886.806,91.872
887.01,92.874
887.214,88.876
887.418,80.877
887.622,84.879
887.826,87.881
888.03,87.883
888.234,83.884
888.438,83.886
888.642,84.888
888.846,87.89
889.05,86.892
889.254,86.893
889.458,82.895
889.662,83.897
889.867,82.899
890.071,88.901
890.275,86.902
890.479,79.904
890.683,85.906
890.887,84.908
891.091,77.91
891.295,77.912
891.499,76.913
891.703,76.915
891.907,80.917
892.111,84.919
892.315,83.921
892.519,82.923
892.723,82.925
892.927,83.926
893.131,80.928
893.335,79.93
893.54,77.932
893.744,77.934
893.948,76.936
894.152,75.938
894.356,73.94
894.56,73.942
894.764,77.944
894.968,79.946
895.172,81.948
895.376,80.949
895.58,74.951
895.784,77.953
895.988,81.955
896.192,76.957
896.397,77.959
896.601,74.961
896.805,70.963
897.009,75.965
897.213,77.967
897.417,70.969
897.621,71.971
897.825,75.973
898.029,78.975
898.233,73.977
898.437,70.979
898.641,76.981
898.846,84.983
899.05,84.985
899.254,82.987
899.458,80.989
899.662,74.991
899.866,78.993
900.07,76.996
900.274,80.998
900.478,83.0
900.682,76.002
900.886,75.004
901.09,78.006
901.295,80.008
901.499,80.01
901.703,76.012
901.907,73.014
902.111,76.016
902.315,78.019
902.519,78.021
902.723,80.023
902.927,81.025
903.131,75.027
903.336,74.029
903.54,72.031
903.744,72.034
903.948,68.036
904.152,65.038
904.356,73.04
904.56,70.042
904.764,81.044
904.968,77.047
905.172,70.049
905.377,73.051
905.581,67.053
905.785,61.055
905.989,69.058
906.193,69.06
906.397,63.062
906.601,68.064
906.805,69.067
907.009,69.069
907.214,66.071
907.418,63.073
907.622,63.076
907.826,65.078
908.03,67.08
908.234,65.082
908.438,63.085
908.642,69.087
908.846,66.089
909.051,64.092
909.255,65.094
909.459,62.096
909.663,70.099
909.867,66.101
910.071,66.103
910.275,58.106
910.479,57.108
910.683,63.11
910.888,55.113
911.092,53.115
911.296,52.117
911.5,57.12
911.704,60.122
911.908,56.125
912.112,53.127
912.316,57.129
912.52,56.132
912.725,55.134
912.929,60.137
913.133,55.139
913.337,57.141
913.541,57.144
913.745,58.146
913.949,62.149
914.153,58.151
914.358,59.154
914.562,55.156
914.766,54.159
914.97,56.161
915.174,55.164
915.378,49.166
915.582,49.169
915.786,52.171
915.991,53.174
916.195,49.176
916.399,47.179
916.603,42.181
916.807,40.184
917.011,40.186
917.215,46.189
917.419,46.192
917.624,45.194
917.828,43.197
918.032,40.199
918.236,40.202
918.44,51.204
918.644,52.207
918.848,46.21
919.052,47.212
919.257,44.215
919.461,41.217
919.665,43.22
919.869,44.223
920.073,39.225
920.277,31.228
920.481,41.231
920.685,44.233
920.89,38.236
921.094,39.239
921.298,38.241
921.502,43.244
921.706,41.247
921.91,39.25
922.114,46.252
922.318,39.255
922.523,38.258
922.727,37.26
922.931,36.263
923.135,34.266
923.339,33.269
923.543,35.271
923.747,42.274
923.951,38.277
924.156,38.28
924.36,45.283
924.564,39.285
924.768,34.288
924.972,34.291
925.176,37.294
925.38,37.297
925.584,40.299
925.789,43.302
925.993,41.305
926.197,33.308
926.401,31.311
926.605,36.314
926.809,40.317
927.013,40.319
927.217,28.322
927.422,30.325
927.626,39.328
927.83,36.331
928.034,39.334
928.238,39.337
928.442,36.34
928.646,35.343
928.85,36.346
929.055,32.349
929.259,30.352
929.463,36.354
929.667,37.357
929.871,35.36
930.075,28.363
930.279,30.366
930.483,30.369
930.687,23.372
930.892,21.375
931.096,26.378
931.3,30.381
931.504,31.385
931.708,33.388
931.912,35.391
932.116,28.394
932.32,31.397
932.525,37.4
932.729,30.403
932.933,28.406
933.137,34.409
933.341,30.412
933.545,23.415
933.749,26.418
933.953,24.421
934.158,19.425
934.362,27.428
934.566,30.431
934.77,28.434
934.974,32.437
935.178,25.44
935.382,20.444
935.586,21.447
935.79,26.45
935.995,28.453
936.199,18.456
936.403,25.459
936.607,26.463
936.811,29.466
937.015,26.469
937.219,24.472
937.423,25.476
937.627,25.479
937.832,25.482
938.036,22.485
938.24,26.489
938.444,24.492
938.648,21.495
938.852,24.499
939.056,21.502
939.26,15.505
939.464,24.508
939.669,17.512
939.873,13.515
940.077,15.518
940.281,21.522
940.485,20.525
940.689,22.528
940.893,19.532
941.097,21.535
941.301,18.539
941.505,18.542
941.71,27.545
941.914,28.549
942.118,14.552
942.322,7.556
942.526,17.559
942.73,22.562
942.934,20.566
943.138,19.569
943.342,21.573
943.546,23.576
943.751,21.58
943.955,18.583
944.159,18.587
944.363,17.59
944.567,17.594
944.771,19.597
944.975,21.601
945.179,18.604
945.383,23.608
945.587,22.611
945.791,16.615
945.996,16.618
946.2,18.622
946.404,19.625
946.608,17.629
946.812,21.633
947.016,15.636
947.22,17.64
947.424,17.643
947.628,14.647
947.832,14.651
948.036,12.654
948.24,11.658
948.445,15.661
948.649,11.665
948.853,17.669
949.057,19.672
949.261,12.676
949.465,12.68
949.669,13.683
949.873,16.687
950.077,16.691
950.281,19.694
950.485,17.698
950.689,15.702
950.893,17.706
951.097,14.709
951.302,14.713
951.506,14.717
951.71,20.72
951.914,13.724
952.118,4.728
952.322,9.732
952.526,11.735
952.73,16.739
952.934,14.743
953.138,10.747
953.342,9.751
953.546,13.754
953.75,13.758
953.954,11.762
954.158,10.766
954.362,17.77
954.567,17.774
954.771,17.777
954.975,13.781
955.179,14.785
955.383,10.789
955.587,10.793
955.791,10.797
955.995,10.801
956.199,11.804
956.403,16.808
956.607,15.812
956.811,14.816
957.015,13.82
957.219,9.824
957.423,8.828
957.627,14.832
957.831,16.836
958.035,12.84
958.239,11.844
958.443,9.848
958.647,7.851
958.851,2.855
959.055,1.859
959.26,6.863
959.464,8.867
959.668,7.871
959.872,12.875
960.076,13.879
960.28,9.883
960.484,4.887
960.688,8.891
960.892,14.895
961.096,10.899
961.3,9.903
961.504,10.907
961.708,10.912
961.912,8.916
962.116,3.92
962.32,8.924
962.524,5.928
962.728,4.932
962.932,6.936
963.136,5.94
963.34,6.944
963.544,10.948
963.748,6.952
963.952,5.956
964.156,7.96
964.36,4.965
964.564,3.969
964.768,7.973
964.972,7.977
965.176,6.981
965.38,10.985
965.584,13.989
965.788,3.993
965.992,1.998
966.196,8.002
966.4,7.006
966.604,5.01
966.808,5.014
967.012,4.018
967.216,6.023
967.42,11.027
967.624,11.031
967.828,11.035
968.032,11.039
968.236,2.043
968.44,12.048
968.644,12.052
968.848,5.056
969.052,5.06
969.256,7.064
969.46,6.069
969.664,5.073
969.868,4.077
970.072,4.081
970.276,2.085
970.479,0.09
970.683,9.094
970.887,5.098
971.091,2.102
971.295,8.107
971.499,4.111
971.703,2.115
971.907,6.119
972.111,5.124
972.315,9.128
972.519,7.132
972.723,3.136
972.927,6.141
973.131,4.145
973.335,7.149
973.539,6.153
973.743,-2.842
973.947,-1.838
974.151,8.166
974.355,7.17
974.558,3.175
974.762,-1.821
974.966,5.183
975.17,6.188
975.374,6.192
975.578,2.196
975.782,4.2
975.986,6.205
976.19,3.209
976.394,3.213
976.598,3.218
976.802,-0.778
977.006,-0.774
977.209,5.23
977.413,6.235
977.617,7.239
977.821,10.243
978.025,7.248
978.229,-1.748
978.433,-7.744
978.637,-1.74
978.841,8.265
979.045,6.269
979.249,4.273
979.452,5.278
979.656,1.282
979.86,-1.714
980.064,2.29
980.268,1.295
980.472,1.299
980.676,5.303
980.88,2.308
981.084,1.312
981.287,6.316
981.491,2.32
981.695,-3.675
981.899,4.329
982.103,6.333
982.307,6.337
982.511,8.342
982.715,6.346
982.918,10.35
983.122,7.354
983.326,-3.641
983.53,0.363
983.734,4.367
983.938,9.372
984.142,12.376
984.346,7.38
984.549,2.384
984.753,-2.612
984.957,1.393
985.161,2.397
985.365,-3.599
985.569,-0.595
985.772,0.41
985.976,3.414
986.18,8.418
986.384,5.422
986.588,4.426
986.792,3.431
986.995,4.435
987.199,2.439
987.403,1.443
987.607,6.447
987.811,6.452
988.015,6.456
988.218,7.46
988.422,7.464
988.626,3.468
988.83,7.472
989.034,7.476
989.238,3.481
989.441,2.485
989.645,4.489
989.849,6.493
990.053,7.497
990.257,5.501
990.46,4.505
990.664,4.509
990.868,0.513
991.072,3.517
991.276,9.522
991.479,9.526
991.683,2.53
991.887,-0.466
992.091,2.538
992.294,8.542
992.498,1.546
992.702,0.55
992.906,4.554
993.11,4.558
993.313,3.562
993.517,-1.434
993.721,-3.43
993.925,0.574
994.128,7.578
994.332,15.582
994.536,13.585
994.74,8.589
994.943,8.593
995.147,6.597
995.351,2.601
995.555,2.605
995.758,9.609
995.962,4.613
996.166,0.617
996.37,2.62
996.573,-2.376
996.777,-1.372
996.981,-3.368
997.185,-2.364
997.388,7.639
997.592,6.643
997.796,4.647
998.0,8.651
998.203,6.654
998.407,1.658
998.611,3.662
998.814,0.666
999.018,1.669
999.222,-1.327
999.426,0.677
999.629,0.68
999.833,-4.316
1000.037,2.687
1000.24,3.691
1000.444,4.695
1000.648,8.698
1000.851,8.702
1001.055,10.705
1001.259,13.709
1001.463,7.712
1001.666,5.716
1001.87,8.719
1002.074,3.723
1002.277,-1.274
1002.481,4.73
1002.685,-0.267
1002.888,5.737
1003.092,9.74
1003.296,3.743
1003.499,4.747
1003.703,4.75
1003.907,3.754
1004.11,5.757
1004.314,5.76
1004.518,3.763
