293.022,11.616
293.195,43.616
293.368,34.616
293.541,9.616
293.714,6.615
293.887,13.615
294.06,20.615
294.233,10.615
294.406,15.615
294.579,4.614
294.752,25.614
294.925,37.614
295.098,21.614
295.271,3.614
295.444,16.613
295.617,12.613
295.79,18.613
295.963,21.613
296.137,38.613
296.31,41.612
296.483,40.612
296.656,35.612
296.83,29.612
297.003,36.612
297.176,24.611
297.349,23.611
297.523,31.611
297.696,24.611
297.869,12.61
298.043,25.61
298.216,22.61
298.39,16.61
298.563,26.61
298.737,17.609
298.91,21.609
299.083,38.609
299.257,22.609
299.431,1.609
299.604,-4.392
299.778,23.608
299.951,36.608
300.125,30.608
300.298,9.608
300.472,17.607
300.646,39.607
300.82,19.607
300.993,2.607
301.167,4.607
301.341,3.606
301.514,5.606
301.688,35.606
301.862,44.606
302.036,44.606
302.21,45.605
302.384,45.605
302.557,39.605
302.731,32.605
302.905,28.604
303.079,30.604
303.253,11.604
303.427,12.604
303.601,18.604
303.775,35.603
303.949,29.603
304.123,31.603
304.297,28.603
304.471,25.603
304.645,15.602
304.82,11.602
304.994,18.602
305.168,26.602
305.342,16.602
305.516,19.601
305.69,9.601
305.865,14.601
306.039,25.601
306.213,17.6
306.387,13.6
306.562,25.6
306.736,28.6
306.91,44.6
307.085,21.599
307.259,5.599
307.434,24.599
307.608,45.599
307.783,38.599
307.957,31.598
308.131,33.598
308.306,51.598
308.48,56.598
308.655,44.597
308.83,28.597
309.004,33.597
309.179,30.597
309.353,33.597
309.528,23.596
309.703,21.596
309.877,24.596
310.052,39.596
310.227,32.596
310.401,37.595
310.576,29.595
310.751,19.595
310.926,25.595
311.1,24.594
311.275,17.594
311.45,28.594
311.625,42.594
311.8,39.594
311.975,37.593
312.15,64.593
312.325,71.593
312.5,76.593
312.674,112.593
312.849,137.592
313.024,129.592
313.199,120.592
313.375,104.592
313.55,99.591
313.725,92.591
313.9,72.591
314.075,54.591
314.25,51.591
314.425,45.59
314.6,36.59
314.776,17.59
314.951,36.59
315.126,26.589
315.301,32.589
315.476,33.589
315.652,42.589
315.827,26.589
316.002,32.588
316.178,34.588
316.353,24.588
316.528,16.588
316.704,29.587
316.879,45.587
317.055,41.587
317.23,36.587
317.406,26.587
317.581,28.586
317.757,23.586
317.932,24.586
318.108,20.586
318.283,9.585
318.459,16.585
318.634,11.585
318.81,22.585
318.986,28.585
319.161,40.584
319.337,24.584
319.513,30.584
319.688,45.584
319.864,24.583
320.04,27.583
320.215,38.583
320.391,26.583
320.567,28.583
320.743,25.582
320.919,21.582
321.095,27.582
321.27,37.582
321.446,13.581
321.622,4.581
321.798,22.581
321.974,27.581
322.15,24.58
322.326,24.58
322.502,27.58
322.678,30.58
322.854,34.58
323.03,28.579
323.206,8.579
323.382,9.579
323.558,10.579
323.734,12.578
323.911,25.578
324.087,38.578
324.263,42.578
324.439,42.577
324.615,31.577
324.792,37.577
324.968,38.577
325.144,20.577
325.32,30.576
325.497,28.576
325.673,22.576
325.849,31.576
326.026,32.575
326.202,17.575
326.379,26.575
326.555,15.575
326.731,27.574
326.908,53.574
327.084,38.574
327.261,1.574
327.437,13.574
327.614,22.573
327.79,38.573
327.967,25.573
328.143,31.573
328.32,21.572
328.497,16.572
328.673,2.572
328.85,13.572
329.027,22.571
329.203,15.571
329.38,14.571
329.557,24.571
329.733,10.57
329.91,4.57
330.087,26.57
330.264,36.57
330.441,20.57
330.617,14.569
330.794,27.569
330.971,28.569
331.148,16.569
331.325,22.568
331.502,23.568
331.679,26.568
331.856,21.568
332.033,28.567
332.21,34.567
332.387,42.567
332.564,33.567
332.741,23.566
332.918,26.566
333.095,57.566
333.272,45.566
333.449,69.565
333.626,84.565
333.803,95.565
333.981,94.565
334.158,105.564
334.335,89.564
334.512,65.564
334.689,65.564
334.867,53.564
335.044,40.563
335.221,54.563
335.399,42.563
335.576,26.563
335.753,23.562
335.931,23.562
336.108,30.562
336.285,27.562
336.463,27.561
336.64,29.561
336.818,26.561
336.995,30.561
337.173,48.56
337.35,40.56
337.528,30.56
337.705,38.56
337.883,36.559
338.06,33.559
338.238,9.559
338.416,29.559
338.593,45.558
338.771,26.558
338.949,35.558
339.126,35.558
339.304,34.557
339.482,32.557
339.659,47.557
339.837,22.557
340.015,21.556
340.193,30.556
340.371,23.556
340.548,37.556
340.726,26.555
340.904,11.555
341.082,28.555
341.26,39.555
341.438,29.554
341.616,49.554
341.794,40.554
341.972,34.554
342.15,35.553
342.328,25.553
342.506,17.553
342.684,18.553
342.862,37.552
343.04,44.552
343.218,31.552
343.396,23.552
343.574,39.551
343.752,41.551
343.93,42.551
344.109,40.551
344.287,35.55
344.465,31.55
344.643,40.55
344.822,43.55
345.0,35.549
345.178,37.549
345.356,44.549
345.535,23.549
345.713,23.548
345.891,20.548
346.07,29.548
346.248,25.548
346.427,15.547
346.605,11.547
346.783,8.547
346.962,21.547
347.14,14.546
347.319,2.546
347.497,19.546
347.676,27.546
347.854,19.545
348.033,8.545
348.212,20.545
348.39,21.545
348.569,7.544
348.747,24.544
348.926,28.544
349.105,32.543
349.283,26.543
349.462,19.543
349.641,30.543
349.82,17.542
349.998,29.542
350.177,35.542
350.356,32.542
350.535,20.541
350.713,16.541
350.892,25.541
351.071,25.541
351.25,28.54
351.429,38.54
351.608,36.54
351.787,39.54
351.966,51.539
352.145,56.539
352.324,37.539
352.503,28.539
352.682,34.538
352.861,28.538
353.04,31.538
353.219,19.537
353.398,28.537
353.577,45.537
353.756,24.537
353.935,29.536
354.114,31.536
354.294,23.536
354.473,15.536
354.652,12.535
354.831,26.535
355.01,36.535
355.19,32.535
355.369,32.534
355.548,38.534
355.728,29.534
355.907,28.533
356.086,32.533
356.266,21.533
356.445,21.533
356.624,27.532
356.804,11.532
356.983,5.532
357.163,27.532
357.342,42.531
357.522,44.531
357.701,45.531
357.881,43.531
358.06,28.53
358.24,36.53
358.419,40.53
358.599,27.529
358.778,11.529
358.958,38.529
359.138,48.529
359.317,35.528
359.497,32.528
359.677,44.528
359.856,26.528
360.036,20.527
360.216,24.527
360.395,42.527
360.575,40.526
360.755,40.526
360.935,32.526
361.115,19.526
361.294,22.525
361.474,18.525
361.654,32.525
361.834,46.525
362.014,60.524
362.194,48.524
362.374,39.524
362.554,32.523
362.734,48.523
362.914,66.523
363.094,79.523
363.274,88.522
363.454,90.522
363.634,124.522
363.814,263.521
363.994,524.521
364.174,855.521
364.354,1134.521
364.534,1423.52
364.715,1678.52
364.895,1771.52
365.075,1733.52
365.255,1588.519
365.435,1388.519
365.616,1201.519
365.796,1028.518
365.976,834.518
366.156,699.518
366.337,576.518
366.517,442.517
366.697,345.517
366.878,267.517
367.058,196.516
367.238,148.516
367.419,125.516
367.599,95.516
367.78,65.515
367.96,66.515
368.141,51.515
368.321,43.514
368.502,56.514
368.682,46.514
368.863,37.514
369.043,39.513
369.224,46.513
369.404,26.513
369.585,29.512
369.766,37.512
369.946,46.512
370.127,38.512
370.308,15.511
370.488,17.511
370.669,22.511
370.85,25.51
371.031,42.51
371.211,56.51
371.392,44.51
371.573,21.509
371.754,39.509
371.934,44.509
372.115,41.508
372.296,35.508
372.477,36.508
372.658,42.508
372.839,38.507
373.02,42.507
373.201,46.507
373.382,28.506
373.563,17.506
373.744,36.506
373.925,53.506
374.106,37.505
374.287,44.505
374.468,67.505
374.649,61.504
374.83,38.504
375.011,35.504
375.192,51.503
375.373,56.503
375.554,34.503
375.736,35.503
375.917,34.502
376.098,32.502
376.279,34.502
376.46,41.501
376.642,34.501
376.823,38.501
377.004,30.501
377.186,35.5
377.367,34.5
377.548,47.5
377.73,58.499
377.911,50.499
378.092,44.499
378.274,43.498
378.455,51.498
378.637,54.498
378.818,49.498
379.0,49.497
379.181,47.497
379.363,55.497
379.544,39.496
379.726,39.496
379.907,46.496
380.089,58.495
380.27,64.495
380.452,68.495
380.633,66.495
380.815,57.494
380.997,49.494
381.178,38.494
381.36,25.493
381.542,30.493
381.724,55.493
381.905,50.492
382.087,51.492
382.269,71.492
382.451,64.492
382.632,52.491
382.814,37.491
382.996,28.491
383.178,28.49
383.36,49.49
383.542,56.49
383.723,61.489
383.905,67.489
384.087,37.489
384.269,48.488
384.451,45.488
384.633,31.488
384.815,39.488
384.997,45.487
385.179,47.487
385.361,58.487
385.543,53.486
385.725,36.486
385.907,48.486
386.089,43.485
386.272,43.485
386.454,44.485
386.636,56.484
386.818,48.484
387.0,49.484
387.182,51.484
387.365,42.483
387.547,47.483
387.729,51.483
387.911,48.482
388.094,45.482
388.276,49.482
388.458,49.481
388.641,57.481
388.823,58.481
389.005,48.48
389.188,47.48
389.37,47.48
389.552,51.479
389.735,42.479
389.917,57.479
390.1,76.479
390.282,68.478
390.465,60.478
390.647,64.478
390.83,63.477
391.012,49.477
391.195,45.477
391.377,56.476
391.56,56.476
391.743,43.476
391.925,41.475
392.108,34.475
392.291,50.475
392.473,52.474
392.656,66.474
392.839,58.474
393.021,62.473
393.204,54.473
393.387,45.473
393.569,48.472
393.752,62.472
393.935,57.472
394.118,44.472
394.301,64.471
394.484,79.471
394.666,69.471
394.849,64.47
395.032,69.47
395.215,64.47
395.398,57.469
395.581,64.469
395.764,61.469
395.947,56.468
396.13,58.468
396.313,63.468
396.496,61.467
396.679,44.467
396.862,53.467
397.045,69.466
397.228,47.466
397.411,49.466
397.594,62.465
397.777,71.465
397.96,56.465
398.144,67.464
398.327,82.464
398.51,67.464
398.693,53.463
398.876,58.463
399.06,42.463
399.243,48.462
399.426,55.462
399.609,56.462
399.793,62.461
399.976,58.461
400.159,57.461
400.343,45.46
400.526,54.46
400.709,59.46
400.893,43.459
401.076,51.459
401.26,53.459
401.443,64.458
401.627,74.458
401.81,77.458
401.993,53.457
402.177,66.457
402.361,80.457
402.544,75.456
402.728,84.456
402.911,106.456
403.095,141.455
403.278,208.455
403.462,472.455
403.646,923.454
403.829,1353.454
404.013,1763.454
404.197,2103.453
404.38,2276.453
404.564,2258.453
404.748,2042.452
404.931,1707.452
405.115,1403.452
405.299,1138.451
405.483,865.451
405.666,687.451
405.85,537.45
406.034,412.45
406.218,304.45
406.402,235.449
406.586,232.449
406.77,245.449
406.953,249.448
407.137,307.448
407.321,341.448
407.505,343.447
407.689,362.447
407.873,325.447
408.057,280.446
408.241,234.446
408.425,189.445
408.609,171.445
408.793,138.445
408.977,127.444
409.162,119.444
409.346,106.444
409.53,74.443
409.714,55.443
409.898,72.443
410.082,57.442
410.266,71.442
410.451,73.442
410.635,72.441
410.819,65.441
411.003,49.441
411.188,57.44
411.372,68.44
411.556,65.44
411.74,35.439
411.925,62.439
412.109,65.438
412.293,45.438
412.478,58.438
412.662,70.437
412.847,64.437
413.031,67.437
413.215,76.436
413.4,61.436
413.584,37.436
413.769,38.435
413.953,53.435
414.138,46.435
414.322,57.434
414.507,59.434
414.691,59.434
414.876,66.433
415.06,81.433
415.245,84.432
415.43,67.432
415.614,76.432
415.799,89.431
415.984,93.431
416.168,86.431
416.353,83.43
416.538,75.43
416.722,80.43
416.907,51.429
417.092,34.429
417.277,45.428
417.461,64.428
417.646,68.428
417.831,68.427
418.016,74.427
418.201,69.427
418.385,59.426
418.57,54.426
418.755,78.426
418.94,81.425
419.125,74.425
419.31,85.424
419.495,99.424
419.68,100.424
419.865,95.423
420.05,107.423
420.235,96.423
420.42,81.422
420.605,69.422
420.79,71.422
420.975,76.421
421.16,68.421
421.345,61.42
421.53,65.42
421.715,57.42
421.901,57.419
422.086,57.419
422.271,63.419
422.456,58.418
422.641,57.418
422.826,54.417
423.012,42.417
423.197,39.417
423.382,55.416
423.567,59.416
423.753,63.416
423.938,28.415
424.123,47.415
424.309,55.414
424.494,43.414
424.679,47.414
424.865,81.413
425.05,86.413
425.236,84.413
425.421,71.412
425.606,90.412
425.792,92.411
425.977,78.411
426.163,69.411
426.348,77.41
426.534,70.41
426.719,74.41
426.905,82.327
427.09,59.29
427.276,78.018
427.462,51.0
427.647,58.703
427.833,93.104
428.018,78.233
428.204,70.144
428.39,63.143
428.575,63.019
428.761,60.883
428.947,72.378
429.133,72.237
429.318,72.237
429.504,64.345
429.69,61.319
429.876,51.498
430.061,68.722
430.247,58.079
430.433,58.023
430.619,78.046
430.805,82.76
430.991,72.085
431.176,70.993
431.362,56.571
431.548,55.513
431.734,62.107
431.92,58.143
432.106,55.093
432.292,66.288
432.478,83.941
432.664,91.281
432.85,90.175
433.036,90.94
433.222,92.634
433.408,103.624
433.594,139.513
433.78,213.131
433.966,301.658
434.153,358.889
434.339,442.864
434.525,948.938
434.711,2115.744
434.897,3510.881
435.083,4841.454
435.27,6053.277
435.456,6899.992
435.642,7085.966
435.828,6704.632
436.014,5873.197
436.201,4896.092
436.387,3979.538
436.573,3180.116
436.76,2529.656
436.946,2019.251
437.132,1576.65
437.319,1201.779
437.505,892.213
437.691,629.248
437.878,416.714
438.064,296.441
438.251,195.204
438.437,139.402
438.624,102.11
438.81,86.028
438.997,86.028
439.183,81.539
439.37,76.175
439.556,88.365
439.743,95.407
439.929,92.44
440.116,86.948
440.302,76.315
440.489,65.834
440.676,65.662
440.862,58.591
441.049,58.489
441.236,60.987
441.422,70.397
441.609,72.865
441.796,71.939
441.982,76.122
442.169,56.117
442.356,55.925
442.543,60.901
442.73,58.192
442.916,57.146
443.103,59.64
443.29,57.846
443.477,56.012
443.664,68.439
443.85,54.843
444.037,59.776
444.224,61.348
444.411,50.352
444.598,69.418
444.785,60.159
444.972,59.229
445.159,67.359
445.346,66.421
445.533,58.886
445.72,40.7
445.907,34.048
446.094,52.934
446.281,55.355
446.468,43.779
446.655,43.743
446.842,46.983
447.029,59.219
447.217,64.024
447.404,48.422
447.591,49.971
447.778,75.032
447.965,73.288
448.152,59.452
448.34,51.306
448.527,62.49
448.714,57.504
448.901,51.016
449.089,51.737
449.276,61.334
449.463,63.641
449.65,47.488
449.838,38.595
450.025,43.314
450.212,47.26
450.4,48.852
450.587,51.954
450.775,56.678
450.962,57.381
451.149,56.542
451.337,60.552
451.524,52.663
451.712,33.589
451.899,39.964
452.087,53.456
452.274,55.043
452.462,55.042
452.649,57.377
452.837,40.691
453.024,47.785
453.212,55.614
453.399,57.104
453.587,53.074
453.775,37.225
453.962,45.837
454.15,56.004
454.338,41.875
454.525,50.509
454.713,60.618
454.901,53.522
455.088,59.003
455.276,74.606
455.464,62.086
455.652,56.609
455.839,62.868
456.027,43.306
456.215,49.565
456.403,55.912
456.591,46.544
456.778,57.479
456.966,65.316
457.154,62.915
457.342,43.304
457.53,34.669
457.718,54.13
457.906,56.428
458.094,56.384
458.282,55.517
458.47,58.63
458.658,46.214
458.846,41.541
459.034,53.223
459.222,52.444
459.41,39.982
459.598,43.097
459.786,52.442
459.974,52.483
460.162,47.843
460.35,51.703
460.538,52.441
460.726,46.21
460.914,36.864
461.103,42.282
461.291,50.724
461.479,47.618
461.667,52.236
461.855,39.016
462.044,45.957
462.232,54.477
462.42,54.393
462.608,60.486
462.797,48.827
462.985,36.463
463.173,47.981
463.362,44.867
463.55,30.973
463.738,37.117
463.927,43.228
464.115,47.869
464.303,52.517
464.492,41.788
464.68,44.096
464.869,43.293
465.057,39.449
465.245,35.606
465.434,37.114
465.622,47.83
465.811,50.782
465.999,39.266
466.188,45.283
466.376,52.835
466.565,39.086
466.754,40.547
466.942,48.837
467.131,35.09
467.319,35.063
467.508,41.844
467.697,42.535
467.885,34.175
468.074,37.163
468.263,47.606
468.451,40.808
468.64,41.527
468.829,33.994
469.017,38.495
469.206,27.201
469.395,29.426
469.584,41.37
469.773,48.065
469.961,41.339
470.15,53.257
470.339,47.993
470.528,33.042
470.717,44.94
470.905,36.715
471.094,39.634
471.283,52.157
471.472,43.996
471.661,42.449
471.85,29.812
472.039,26.075
472.228,35.597
472.417,45.846
472.606,50.922
472.795,37.64
472.984,26.635
473.173,41.949
473.362,47.039
473.551,31.63
473.74,35.986
473.929,51.315
474.118,46.9
474.307,38.147
474.496,42.492
474.686,49.016
474.875,47.559
475.064,31.512
475.253,30.784
475.442,37.307
475.631,34.372
475.821,32.943
476.01,27.851
476.199,34.371
476.388,32.918
476.578,37.977
476.767,33.619
476.956,22.709
477.145,25.593
477.335,19.777
477.524,37.141
477.713,45.073
477.903,36.39
478.092,42.148
478.282,45.762
478.471,35.639
478.66,26.923
478.85,34.143
479.039,33.421
479.229,29.789
479.418,31.953
479.608,44.907
479.797,38.418
479.987,31.929
480.176,39.138
480.366,29.044
480.555,27.622
480.745,33.393
480.934,28.342
481.124,39.164
481.314,33.416
481.503,41.388
481.693,32.018
481.882,31.317
482.072,34.985
482.262,32.109
482.451,35.735
482.641,42.292
482.831,27.798
483.02,25.637
483.21,46.712
483.4,37.991
483.59,25.655
483.779,36.563
483.969,40.957
484.159,34.456
484.349,29.375
484.539,40.345
484.728,30.878
484.918,36.748
485.108,28.707
485.298,19.204
485.488,26.533
485.678,31.653
485.868,28.726
486.058,44.82
486.248,53.637
486.437,26.531
486.627,22.141
486.817,25.798
487.007,36.066
487.197,23.62
487.387,18.482
487.577,28.765
487.767,28.807
487.958,28.828
488.148,37.666
488.338,53.83
488.528,39.163
488.718,28.869
488.908,45.847
489.098,39.985
489.288,32.616
489.478,46.617
489.669,45.109
489.859,32.639
490.049,34.164
490.239,32.662
490.429,37.828
490.62,51.074
490.81,55.498
491.0,47.351
491.19,62.826
491.381,74.616
491.571,64.251
491.761,56.151
491.952,56.929
492.142,38.562
492.332,34.897
492.523,40.805
492.713,39.328
492.903,40.805
493.094,37.878
493.284,44.529
493.475,39.326
493.665,50.367
493.855,55.492
494.046,44.397
494.236,24.481
494.427,31.108
494.617,41.448
494.808,42.184
494.998,47.342
495.189,45.198
495.379,38.555
495.57,28.223
495.761,40.03
495.951,48.184
496.142,40.798
496.332,34.837
496.523,34.1
496.714,31.149
496.904,22.283
497.095,21.561
497.286,28.219
497.476,34.861
497.667,23.773
497.858,38.578
498.048,43.041
498.239,33.457
498.43,36.415
498.621,34.936
498.811,33.431
499.002,34.119
499.193,39.285
499.384,27.476
499.575,27.456
499.766,36.332
499.956,42.235
500.147,48.103
500.338,54.74
500.529,45.186
500.72,31.925
500.911,31.948
501.102,43.034
501.293,31.185
501.484,32.638
501.675,29.664
501.866,39.958
502.057,45.116
502.248,40.694
502.439,34.798
502.63,39.191
502.821,41.399
503.012,31.09
503.203,28.88
503.394,41.398
503.585,46.552
503.776,42.838
503.967,30.329
504.158,39.924
504.349,37.714
504.541,38.45
504.732,40.659
504.923,39.922
505.114,34.792
505.305,36.266
505.497,47.354
505.688,57.678
505.879,51.041
506.07,42.222
506.261,34.841
506.453,28.199
506.644,33.389
506.835,45.205
507.027,46.682
507.218,32.649
507.409,34.151
507.601,37.846
507.792,50.448
507.983,45.303
508.175,34.225
508.366,34.991
508.558,44.694
508.749,48.441
508.94,41.042
509.132,47.025
509.323,43.368
509.515,38.926
509.706,41.163
509.898,45.637
510.089,42.685
510.281,35.222
510.472,43.43
510.664,45.669
510.855,45.634
511.047,53.837
511.239,53.091
511.43,47.942
511.622,40.503
511.813,46.551
512.005,39.874
512.197,34.678
512.388,40.714
512.58,48.3
512.772,37.822
512.963,41.652
513.155,52.257
513.347,53.052
513.538,49.31
513.73,43.29
513.922,46.388
514.114,50.255
514.306,41.205
514.497,32.079
514.689,37.402
514.881,45.766
515.073,54.891
515.265,50.328
515.456,35.906
515.648,29.818
515.84,50.403
516.032,42.057
516.224,29.122
516.416,30.694
516.608,39.156
516.8,56.031
516.992,47.644
517.184,47.717
517.376,50.826
517.568,33.928
517.76,25.499
517.952,34.748
518.144,39.424
518.336,30.997
518.528,36.454
518.72,41.895
518.912,41.121
519.104,44.214
519.296,47.381
519.488,49.005
519.68,42.055
519.872,51.372
520.064,66.071
520.256,45.9
520.449,44.348
520.641,55.252
520.833,37.423
521.025,31.207
521.217,39.006
521.41,49.077
521.602,60.047
521.794,65.545
521.986,57.067
522.179,53.988
522.371,54.03
522.563,57.154
522.755,44.654
522.948,43.906
523.14,59.59
523.332,57.242
523.525,61.985
523.717,63.6
523.91,50.277
524.102,58.204
524.294,58.989
524.487,41.72
524.679,49.608
524.872,53.535
525.064,49.646
525.256,39.425
525.449,41.029
525.641,50.47
525.834,38.668
526.026,30.06
526.219,40.335
526.411,43.489
526.604,39.546
526.797,40.334
526.989,55.361
527.182,48.295
527.374,52.286
527.567,38.026
527.759,37.995
527.952,48.255
528.145,51.452
528.337,54.655
528.53,53.864
528.723,60.187
528.915,56.234
529.108,47.575
529.301,59.489
529.493,54.738
529.686,32.542
529.879,44.409
530.072,53.902
530.264,57.066
530.457,56.274
530.65,45.162
530.843,54.604
531.036,54.604
531.228,40.417
531.421,38.075
531.614,38.075
531.807,33.327
532.0,44.403
532.193,43.577
532.385,52.231
532.578,47.491
532.771,46.7
532.964,40.349
533.157,41.894
533.35,48.164
533.543,53.68
533.736,53.679
533.929,65.499
534.122,63.922
534.315,61.558
534.508,60.769
534.701,54.508
534.894,47.409
535.087,60.027
535.28,65.599
535.473,54.591
535.666,60.168
535.859,76.038
536.052,65.064
536.246,46.876
536.439,50.88
536.632,59.705
536.825,41.421
537.018,51.0
537.211,47.855
537.405,35.912
537.598,42.281
537.791,56.612
537.984,59.0
538.177,53.469
538.371,66.217
538.564,59.89
538.757,35.168
538.95,52.711
539.144,53.551
539.337,52.752
539.53,62.329
539.724,61.53
539.917,43.972
540.11,41.577
540.304,48.759
540.497,48.759
540.69,55.985
540.884,49.595
541.077,46.4
541.271,38.442
541.464,51.273
541.657,58.519
541.851,53.758
542.044,52.196
542.238,55.448
542.431,51.476
542.625,51.475
542.818,52.32
543.012,49.948
543.205,70.864
543.399,84.608
543.592,64.479
543.786,58.084
543.979,88.775
544.173,158.257
544.367,187.615
544.56,220.938
544.754,428.404
544.947,1104.686
545.141,2117.757
545.335,3140.712
545.528,3970.769
545.722,4596.152
545.916,4754.747
546.109,4344.55
546.303,3650.386
546.497,3010.697
546.691,2471.803
546.884,2126.287
547.078,1821.368
547.272,1600.549
547.466,1424.174
547.659,1280.022
547.853,1169.323
548.047,1044.462
548.241,931.741
548.435,801.536
548.628,647.742
548.822,505.011
549.016,355.478
549.21,258.142
549.404,183.758
549.598,123.28
549.792,91.716
549.986,112.549
550.179,106.804
550.373,96.041
550.567,80.18
550.761,75.234
550.955,81.985
551.149,78.706
551.343,85.471
551.537,81.351
551.731,57.09
551.925,58.817
552.119,67.269
552.313,72.371
552.507,71.589
552.701,76.704
552.896,71.709
553.09,75.208
553.284,69.353
553.478,61.003
553.672,55.969
553.866,58.61
554.06,67.156
554.254,57.008
554.449,47.653
554.643,59.608
554.837,63.012
555.031,65.62
555.225,67.323
555.42,63.97
555.614,55.491
555.808,61.568
556.002,62.476
556.196,71.151
556.391,71.212
556.585,70.474
556.779,80.061
556.974,74.164
557.168,57.02
557.362,65.769
557.557,71.02
557.751,65.938
557.945,57.364
558.14,63.5
558.334,62.739
558.528,47.1
558.723,53.249
558.917,71.698
559.112,68.26
559.306,76.134
559.501,74.448
559.695,71.821
559.889,63.119
560.084,73.635
560.278,58.735
560.473,49.97
560.667,55.228
560.862,63.115
561.056,59.609
561.251,51.765
561.446,57.956
561.64,68.491
561.835,70.246
562.029,49.217
562.224,49.217
562.418,54.536
562.613,47.499
562.808,55.463
563.002,51.987
563.197,42.295
563.392,44.095
563.586,67.14
563.781,59.241
563.976,44.249
564.17,55.752
564.365,47.829
564.56,59.396
564.755,62.055
564.949,54.123
565.144,49.73
565.339,62.163
565.534,58.662
565.728,56.883
565.923,56.933
566.118,50.75
566.313,45.406
566.508,64.162
566.702,56.14
566.897,53.466
567.092,72.246
567.287,66.001
567.482,60.702
567.677,74.094
567.872,74.986
568.067,67.842
568.261,67.902
568.456,59.018
568.651,63.489
568.846,66.231
569.041,68.916
569.236,75.249
569.431,68.08
569.626,53.791
569.821,43.924
570.016,58.273
570.211,78.074
570.406,81.663
570.601,74.481
570.796,55.63
570.991,59.219
571.186,70.054
571.382,67.418
571.577,65.619
571.772,67.416
571.967,53.027
572.162,42.273
572.357,46.773
572.552,63.03
572.747,70.237
572.943,66.632
573.138,70.235
573.333,81.118
573.528,81.117
573.723,91.035
573.919,84.723
574.114,64.884
574.309,66.747
574.504,83.894
574.7,62.233
574.895,60.427
575.09,79.379
575.285,89.387
575.481,100.226
575.676,131.961
575.871,225.993
576.067,343.844
576.262,469.155
576.457,564.774
576.653,636.066
576.848,663.289
577.043,607.578
577.239,502.675
577.434,431.765
577.63,392.12
577.825,403.949
578.021,460.782
578.216,548.213
578.411,649.305
578.607,699.121
578.802,740.141
578.998,739.229
579.193,654.451
579.389,571.106
579.584,496.288
579.78,436.98
579.975,384.41
580.171,343.628
580.366,300.665
580.562,249.704
580.758,234.364
580.953,213.497
581.149,189.838
581.344,183.584
581.54,167.972
581.736,125.847
581.931,122.282
582.127,129.76
582.323,106.837
582.518,82.95
582.714,82.102
582.91,97.054
583.105,81.478
583.301,80.7
583.497,92.856
583.692,81.855
583.888,65.155
584.084,85.817
584.28,89.635
584.475,71.877
584.671,82.233
584.867,98.227
585.063,81.372
585.259,73.95
585.454,74.018
585.65,75.893
585.846,90.048
586.042,88.252
586.238,62.875
586.434,59.171
586.63,79.941
586.825,74.361
587.021,61.222
587.217,62.223
587.413,84.02
587.609,98.383
587.805,82.362
588.001,72.003
588.197,67.322
588.393,63.583
588.589,82.672
588.785,90.455
588.981,60.006
589.177,47.691
589.373,79.315
589.569,83.301
589.765,70.011
589.961,83.539
590.157,81.773
590.353,74.136
590.549,64.554
590.745,61.717
590.941,75.315
591.137,79.26
591.333,67.707
591.53,80.381
591.726,80.458
591.922,81.507
592.118,71.858
592.314,72.901
592.51,74.92
592.706,78.895
592.903,80.924
593.099,64.321
593.295,65.361
593.491,62.488
593.687,66.466
593.884,65.486
594.08,70.451
594.276,84.258
594.472,76.481
594.669,55.907
594.865,54.976
595.061,70.793
595.258,68.822
595.454,62.909
595.65,72.832
595.847,74.804
596.043,65.005
596.239,69.021
596.436,78.979
596.632,75.096
596.828,72.196
597.025,76.235
597.221,69.427
597.418,68.432
597.614,76.459
597.81,88.575
598.007,77.607
598.203,68.701
598.4,88.66
598.596,78.758
598.793,61.774
598.989,100.834
599.186,93.927
599.382,59.952
599.579,61.955
599.775,75.055
599.972,88.182
600.168,87.352
600.365,68.305
600.561,60.369
600.758,69.52
600.955,102.049
601.151,84.927
601.348,53.572
601.544,76.975
601.741,84.081
601.938,93.217
602.134,75.957
602.331,71.895
602.528,76.97
602.724,76.969
602.921,77.983
603.118,83.143
603.314,105.499
603.511,98.384
603.708,88.221
603.904,83.138
604.101,88.218
604.298,98.38
604.495,95.427
604.691,66.942
604.888,82.2
605.085,83.132
605.282,78.129
605.479,95.519
605.675,96.634
605.872,88.568
606.069,82.529
606.266,74.356
606.463,66.251
606.659,65.295
606.856,80.647
607.053,76.63
607.25,65.358
607.447,58.185
607.644,72.528
607.841,69.453
608.038,73.55
608.235,82.77
608.432,50.034
608.628,59.324
608.825,94.231
609.022,82.078
609.219,72.892
609.416,83.275
609.613,75.104
609.81,66.847
610.007,89.642
610.204,84.476
610.401,76.21
610.598,79.308
610.795,82.321
610.993,92.545
611.19,85.239
611.387,73.757
611.584,75.734
611.781,102.322
611.978,102.321
612.175,66.422
612.372,70.451
612.569,79.59
612.766,80.612
612.964,86.752
613.161,84.617
613.358,84.616
613.555,80.443
613.752,77.377
613.949,79.5
614.147,84.611
614.344,58.085
614.541,57.118
614.738,71.535
614.936,70.653
615.133,55.292
615.33,68.736
615.527,73.961
615.725,72.928
615.922,80.226
616.119,75.143
616.316,84.439
616.514,84.438
616.711,80.305
616.908,72.113
617.106,64.873
617.303,64.872
617.5,70.041
617.698,71.001
617.895,63.702
618.093,70.852
618.29,84.166
618.487,87.255
618.685,77.904
618.882,70.701
619.08,85.103
619.277,61.44
619.474,59.381
619.672,66.65
619.869,80.119
620.067,81.149
620.264,84.241
620.462,82.093
620.659,67.673
620.857,63.487
621.054,69.731
621.252,91.357
621.449,91.355
621.647,81.055
621.844,87.323
622.042,83.284
622.24,93.7
622.437,85.522
622.635,70.154
622.832,75.412
623.03,86.912
623.227,81.804
623.425,67.249
623.623,56.912
623.82,77.803
624.018,82.054
624.216,87.358
624.413,96.751
624.611,90.487
624.809,97.792
625.006,98.835
625.204,91.527
625.402,102.07
625.599,114.608
625.797,125.056
625.995,130.144
626.193,130.142
626.39,124.922
626.588,101.018
626.786,92.657
626.984,97.88
627.182,90.564
627.379,90.563
627.577,70.708
627.775,69.662
627.973,60.256
628.171,74.884
628.368,62.408
628.566,60.378
628.764,62.602
628.962,39.557
629.16,48.06
629.358,52.38
629.556,49.266
629.753,65.173
629.951,67.286
630.149,58.89
630.347,58.888
630.545,67.353
630.743,55.711
630.941,71.583
631.139,84.28
631.337,64.105
631.535,59.875
631.733,66.286
631.931,65.227
632.129,68.4
632.327,56.758
632.525,62.048
632.723,57.875
632.921,54.754
633.119,65.426
633.317,60.245
633.515,51.788
633.713,58.238
633.911,84.98
634.109,89.438
634.307,78.826
634.506,70.259
634.704,49.969
634.902,68.261
635.1,76.843
635.298,62.961
635.496,82.382
635.694,80.316
635.892,57.71
636.091,44.84
636.289,64.235
636.487,76.169
636.685,66.53
636.883,52.49
637.082,63.288
637.28,62.274
637.478,60.11
637.676,52.598
637.875,46.153
638.073,63.486
638.271,72.23
638.469,83.075
638.668,65.791
638.866,60.361
639.064,41.901
639.262,41.899
639.461,68.967
639.659,64.628
639.857,53.78
640.056,61.437
640.254,64.693
640.452,68.023
640.651,77.804
640.849,74.623
641.048,65.916
641.246,69.254
641.444,76.962
641.643,79.141
641.841,58.484
642.04,60.666
642.238,60.731
642.436,56.419
642.635,69.623
642.833,60.926
643.032,43.428
643.23,66.551
643.429,72.123
643.627,71.021
643.826,62.219
644.024,64.418
644.223,67.716
644.421,72.195
644.62,76.598
644.818,83.297
645.017,48.014
645.215,50.273
645.414,64.691
645.612,65.795
645.811,66.898
646.01,70.289
646.208,67.043
646.407,72.578
646.605,69.178
646.804,59.221
647.003,51.419
647.201,44.738
647.4,53.566
647.599,53.565
647.797,59.082
647.996,65.703
648.195,66.805
648.393,75.633
648.592,69.009
648.791,61.281
648.989,46.983
649.188,52.506
649.387,66.943
649.585,62.655
649.784,58.283
649.983,67.31
650.182,78.519
650.38,61.883
650.579,63.066
650.778,67.68
650.977,57.74
651.176,70.07
651.374,79.037
651.573,65.656
651.772,64.532
651.971,55.614
652.17,62.354
652.368,64.6
652.567,67.969
652.766,55.608
652.965,49.988
653.164,63.541
653.363,62.344
653.562,53.353
653.761,62.34
653.959,61.215
654.158,50.09
654.357,39.953
654.556,57.969
654.755,77.199
654.954,72.769
655.153,58.161
655.352,38.994
655.551,44.699
655.75,69.612
655.949,55.957
656.148,40.118
656.347,48.035
656.546,68.395
656.745,69.525
656.944,49.161
657.143,44.584
657.342,78.48
657.541,68.309
657.74,50.285
657.939,60.464
658.138,67.174
658.337,70.562
658.536,80.729
658.735,73.948
658.934,57.061
659.134,68.372
659.333,57.058
659.532,53.662
659.731,50.324
659.93,17.499
660.129,27.701
660.328,62.847
660.528,65.113
660.727,51.505
660.926,52.697
661.125,44.801
661.324,49.344
661.523,50.536
661.723,43.758
661.922,36.965
662.121,40.384
662.32,42.662
662.52,50.7
662.719,57.547
662.918,68.882
663.117,60.899
663.317,71.159
663.516,55.131
663.715,53.99
663.914,47.208
664.114,46.066
664.313,43.784
664.512,55.184
664.712,35.798
664.911,34.656
665.11,47.197
665.31,38.073
665.509,28.949
665.708,49.415
665.908,73.331
666.107,56.245
666.306,56.243
666.506,63.147
666.705,41.48
666.905,63.143
667.104,76.824
667.303,65.42
667.503,67.775
667.702,74.708
667.902,64.494
668.101,63.348
668.301,86.328
668.5,98.926
668.699,71.433
668.899,57.685
669.098,73.72
669.298,53.039
669.497,57.548
669.697,66.688
669.896,65.469
670.096,62.042
670.295,40.351
670.495,47.252
670.695,48.393
670.894,50.676
671.094,55.246
671.293,55.307
671.493,40.431
671.692,41.573
671.892,39.238
672.092,36.908
672.291,39.144
672.491,55.106
672.69,42.61
672.89,40.371
673.09,47.226
673.289,66.728
673.489,49.564
673.689,56.491
673.888,39.352
674.088,24.47
674.288,39.484
674.487,47.592
674.687,60.332
674.887,66.174
675.086,65.017
675.286,51.217
675.486,52.371
675.685,44.328
675.885,50.113
676.085,46.638
676.285,58.21
676.484,74.412
676.684,54.734
676.884,57.046
677.084,77.878
677.283,53.57
677.483,35.049
677.683,57.038
677.883,72.082
678.083,57.034
678.282,48.93
678.482,40.826
678.682,39.666
678.882,29.247
679.082,40.819
679.282,40.817
679.481,22.296
679.681,46.6
679.881,48.912
680.081,28.109
680.281,28.107
680.481,42.059
680.681,39.782
680.881,23.575
681.081,36.378
681.281,37.54
681.48,35.251
681.68,43.407
681.88,39.955
682.08,31.785
682.28,38.783
682.48,48.116
682.68,41.113
682.88,54.009
683.08,46.997
683.28,52.836
683.48,72.694
683.68,72.692
683.88,69.104
684.08,43.481
684.28,46.984
684.48,66.841
684.68,61.069
684.88,43.523
685.08,44.743
685.28,27.176
685.481,31.858
685.681,43.565
685.881,51.759
686.081,44.731
686.281,47.016
686.481,37.657
686.681,42.283
686.881,55.196
687.081,66.89
687.281,47.004
687.482,38.86
687.682,61.25
687.882,53.031
688.082,42.515
688.282,67.19
688.482,71.972
688.683,56.676
688.883,48.438
689.083,47.259
689.283,30.786
689.483,30.748
689.684,57.84
689.884,53.132
690.084,26.102
690.284,48.479
690.484,54.43
690.685,50.949
690.885,61.646
691.085,36.864
691.286,53.556
691.486,52.43
691.686,40.551
691.886,46.542
692.087,54.863
692.287,62.069
692.487,62.14
692.688,48.969
692.888,46.585
693.088,61.985
693.289,60.793
693.489,39.341
693.689,41.714
693.89,44.034
694.09,49.904
694.29,70.044
694.491,51.084
694.691,53.514
694.891,57.138
695.092,64.338
695.292,59.65
695.493,116.791
695.693,213.217
695.894,290.095
696.094,356.15
696.294,412.3
696.495,448.676
696.695,415.88
696.896,341.803
697.096,294.011
697.297,258.475
697.497,231.514
697.698,199.376
697.898,177.765
698.099,153.753
698.299,157.541
698.5,174.575
698.7,135.023
698.901,124.327
699.101,92.85
699.302,84.413
699.502,102.359
699.703,106.095
699.903,89.332
700.104,79.775
700.304,64.15
700.505,32.787
700.706,42.533
700.906,49.994
701.107,42.84
701.307,56.422
701.508,49.127
701.709,57.784
701.909,54.029
702.11,41.706
702.31,38.026
702.511,45.377
702.712,55.11
702.912,63.597
703.113,74.506
703.314,51.242
703.514,58.485
703.715,50.017
703.916,26.843
704.116,40.255
704.317,53.667
704.518,32.972
704.719,25.644
704.919,41.565
705.12,50.242
705.321,60.117
705.521,56.502
705.722,113.289
705.923,192.341
706.124,262.946
706.324,323.437
706.525,381.93
706.726,404.177
706.927,370.799
707.128,292.047
707.328,262.017
707.529,245.641
707.73,211.071
707.931,188.845
708.132,187.608
708.332,154.272
708.533,135.75
708.734,131.881
708.935,119.4
709.136,114.612
709.337,106.109
709.537,98.699
709.738,99.93
709.939,66.676
710.14,59.403
710.341,75.697
710.542,68.326
710.743,55.954
710.944,42.253
711.144,48.476
711.345,42.247
711.546,24.778
711.747,23.502
711.948,24.741
712.149,35.918
712.35,54.549
712.551,53.37
712.752,54.611
712.953,34.75
713.154,31.05
713.355,39.874
713.556,33.663
713.757,47.487
713.958,65.028
714.159,57.506
714.36,86.217
714.561,89.968
714.762,76.198
714.963,61.176
715.164,74.94
715.365,88.815
715.566,72.612
715.767,43.806
715.968,50.21
716.169,65.485
716.37,41.597
716.571,49.251
716.772,70.794
716.973,87.379
717.175,70.878
717.376,51.905
717.577,31.531
717.778,21.322
717.979,33.891
718.18,48.915
718.381,45.077
718.582,37.527
718.783,29.939
718.985,42.392
719.186,51.032
719.387,38.529
719.588,67.276
719.789,68.523
719.99,36.064
720.192,48.638
720.393,36.148
720.594,39.959
720.795,57.616
720.996,56.497
721.198,33.881
721.399,28.857
721.6,36.541
721.801,55.644
722.002,69.618
722.204,55.708
722.405,39.165
722.606,41.706
722.807,60.709
723.009,70.692
723.21,59.206
723.411,56.6
723.613,64.1
723.814,81.671
724.015,47.619
724.216,27.439
724.418,59.036
724.619,36.351
724.82,33.862
725.022,59.25
725.223,67.021
725.424,53.041
725.626,46.743
725.827,23.869
726.028,25.108
726.23,73.357
726.431,68.271
726.632,102.575
726.834,126.553
727.035,140.509
727.237,134.33
727.438,117.659
727.639,95.96
727.841,68.073
728.042,102.29
728.244,117.496
728.445,94.558
728.646,59.037
728.848,95.455
729.049,162.286
729.251,243.295
729.452,304.282
729.654,333.777
729.855,373.487
730.057,377.765
730.258,355.369
730.459,302.383
730.661,298.942
730.862,284.926
731.064,260.719
731.265,234.938
731.467,206.944
731.668,182.535
731.87,200.321
732.071,195.235
732.273,209.208
732.474,188.634
732.676,164.102
732.878,141.314
733.079,123.589
733.281,110.927
733.482,103.328
733.684,101.929
733.885,72.848
734.087,75.469
734.288,74.199
734.49,70.576
734.692,50.332
734.893,42.704
735.095,35.121
735.296,56.674
735.498,41.422
735.7,46.501
735.901,54.121
736.103,46.434
736.305,37.5
736.506,23.494
736.708,48.775
736.91,73.962
737.111,99.211
737.313,130.608
737.514,277.795
737.716,408.773
737.918,508.884
738.12,600.704
738.321,639.24
738.523,612.788
738.725,474.245
738.926,357.112
739.128,314.287
739.33,302.069
739.531,280.628
739.733,275.233
739.935,247.521
740.137,207.215
740.338,179.277
740.54,150.154
740.742,121.103
740.944,129.882
741.145,134.728
741.347,98.383
741.549,63.291
741.751,65.711
741.952,74.468
742.154,69.458
742.356,61.945
742.558,71.953
742.76,74.452
742.961,51.92
743.163,49.475
743.365,65.844
743.567,60.898
743.769,45.818
743.971,48.327
744.172,53.415
744.374,40.832
744.576,34.539
744.778,38.308
744.98,47.05
745.182,52.005
745.384,45.728
745.585,43.214
745.787,43.21
745.989,49.418
746.191,60.692
746.393,60.764
746.595,65.778
746.797,58.246
746.999,51.968
747.201,19.342
747.403,23.073
747.605,35.511
747.806,45.506
748.008,47.942
748.21,42.891
748.412,52.862
748.614,36.648
748.816,40.435
749.018,64.231
749.22,90.704
749.422,151.419
749.624,264.362
749.826,353.187
750.028,401.223
750.23,477.072
750.432,580.734
750.634,596.411
750.836,622.922
751.038,663.746
751.24,685.576
751.442,713.64
751.644,614.264
751.846,477.153
752.048,433.669
752.25,368.638
752.452,341.752
752.654,310.535
752.856,277.055
753.058,258.015
753.261,227.842
753.463,196.321
753.665,182.554
753.867,147.068
754.069,122.672
754.271,108.379
754.473,72.612
754.675,54.724
754.877,73.497
755.079,83.687
755.282,60.955
755.484,57.162
755.686,71.136
755.888,65.058
756.09,52.563
756.292,48.923
756.494,36.224
756.696,53.022
756.899,59.367
757.101,49.156
757.303,54.363
757.505,60.871
757.707,68.51
757.909,50.552
758.112,39.0
758.314,53.257
758.516,57.129
758.718,46.848
758.92,48.262
759.123,30.099
759.325,19.692
759.527,9.313
759.729,39.012
759.932,60.892
760.134,54.365
760.336,36.273
760.538,46.504
760.74,47.784
760.943,60.633
761.145,50.345
761.347,29.813
761.55,68.595
761.752,81.598
761.954,74.033
762.156,92.402
762.359,261.568
762.561,678.151
762.763,1138.561
762.966,1431.548
763.168,1694.288
763.37,1849.642
763.572,1768.485
763.775,1356.176
763.977,1034.136
764.179,916.484
764.382,800.4
764.584,707.324
764.786,617.93
764.989,549.272
765.191,507.972
765.393,447.757
765.596,399.846
765.798,355.746
766.001,314.646
766.203,279.254
766.405,261.242
766.608,214.274
766.81,156.656
767.012,155.54
767.215,144.994
767.417,113.368
767.62,87.013
767.822,83.164
768.024,71.285
768.227,60.726
768.429,56.763
768.632,84.351
768.834,75.222
769.037,58.142
769.239,54.246
769.441,58.286
769.644,74.371
769.846,69.145
770.049,102.385
770.251,91.863
770.454,54.574
770.656,54.568
770.859,85.302
771.061,86.861
771.264,121.778
771.466,261.346
771.669,410.684
771.871,528.166
772.074,576.547
772.276,624.424
772.479,583.481
772.681,436.575
772.884,345.806
773.086,305.013
773.289,268.356
773.491,251.905
773.694,221.814
773.896,182.55
774.099,171.421
774.301,161.891
774.504,141.965
774.707,137.975
774.909,108.753
775.112,97.053
775.314,79.949
775.517,84.174
775.719,85.736
775.922,57.775
776.125,34.905
776.327,55.291
776.53,75.788
776.732,47.352
776.935,41.854
777.138,43.205
777.34,49.983
777.543,48.687
777.745,51.328
777.948,58.028
778.151,49.824
778.353,49.75
778.556,56.501
778.759,53.792
778.961,45.616
779.164,46.896
779.367,62.893
779.569,50.79
779.772,33.356
779.975,26.656
780.177,40.235
780.38,45.696
780.583,40.387
780.785,48.587
780.988,52.729
781.191,52.866
781.393,28.342
781.596,44.79
781.799,57.096
782.002,37.834
782.204,20.011
782.407,32.145
782.61,44.274
782.812,45.621
783.015,34.836
783.218,45.608
783.421,46.954
783.623,46.948
783.826,47.069
784.029,24.094
784.232,48.81
784.434,66.679
784.637,62.563
784.84,39.215
785.043,40.52
785.245,48.711
785.448,63.731
785.651,43.056
785.854,52.431
786.057,55.063
786.259,44.217
786.462,52.34
786.665,38.783
786.868,44.257
787.071,36.158
787.273,51.166
787.476,47.142
787.679,43.166
787.882,52.722
788.085,52.787
788.288,51.412
788.49,39.147
788.693,25.441
788.896,36.394
789.099,55.565
789.302,55.482
789.505,49.935
789.707,36.266
789.91,43.149
790.113,33.612
790.316,25.386
790.519,32.228
790.722,65.098
790.925,73.31
791.128,70.563
791.33,55.488
791.533,48.565
791.736,28.0
791.939,37.504
792.142,49.708
792.345,38.801
792.548,36.069
792.751,38.787
792.954,40.142
793.157,77.13
793.36,85.32
793.563,100.477
793.765,197.597
793.968,277.921
794.171,351.684
794.374,442.445
794.577,500.578
794.78,471.079
794.983,349.947
795.186,264.008
795.389,239.173
795.592,209.11
795.795,156.833
795.998,140.034
796.201,120.689
796.404,126.381
796.607,113.768
796.81,103.663
797.013,115.875
797.216,89.769
797.419,52.673
797.622,52.738
797.825,91.371
798.028,73.457
798.231,76.204
798.434,81.706
798.637,80.321
798.84,48.7
799.043,59.645
799.246,95.318
799.449,111.663
799.652,148.336
799.855,211.053
800.058,283.548
800.261,366.988
800.464,485.331
800.668,525.589
800.871,565.737
801.074,622.616
801.277,622.608
801.48,538.466
801.683,421.867
801.886,341.368
802.089,282.697
802.292,255.753
802.495,221.895
802.698,197.263
802.901,194.519
803.105,153.262
803.308,136.487
803.511,147.178
803.714,143.283
803.917,110.578
804.12,100.758
804.323,116.896
804.526,96.666
804.73,87.266
804.933,54.679
805.136,55.957
805.339,68.194
805.542,62.658
805.745,96.487
805.948,78.946
806.152,39.536
806.355,21.835
806.558,19.087
806.761,51.599
806.964,25.916
807.167,10.992
807.371,50.493
807.574,61.468
807.777,56.002
807.98,96.922
808.183,143.298
808.386,187.457
808.59,225.753
808.793,254.472
808.996,305.497
809.199,398.639
809.402,527.323
809.606,570.251
809.809,646.158
810.012,718.554
810.215,892.19
810.419,1205.121
810.622,1486.399
810.825,1703.594
811.028,1958.097
811.231,2078.302
811.435,1839.104
811.638,1385.041
811.841,1056.654
812.044,880.97
812.248,775.252
812.451,680.088
812.654,602.843
812.857,542.594
813.061,489.668
813.264,412.319
813.467,372.961
813.671,357.542
813.874,333.143
814.077,275.241
814.28,222.315
814.484,189.484
814.687,165.99
814.89,143.971
815.094,136.854
815.297,121.733
815.5,104.298
815.704,96.246
815.907,90.875
816.11,104.411
816.313,68.344
816.517,46.927
816.72,50.966
816.923,52.307
817.127,63.009
817.33,61.652
817.533,31.95
817.737,21.117
817.94,25.067
818.143,46.353
818.347,62.448
818.55,58.506
818.754,39.756
818.957,38.459
819.16,62.662
819.364,68.114
819.567,57.584
819.77,64.409
819.974,51.093
820.177,63.295
820.38,36.149
820.584,40.319
820.787,58.075
820.991,58.066
821.194,32.17
821.397,28.035
821.601,33.377
821.804,31.967
822.008,41.386
822.211,47.948
822.414,49.087
822.618,58.317
822.821,44.801
823.025,20.704
823.228,32.634
823.431,47.19
823.635,35.134
823.838,45.66
824.042,31.1
824.245,21.86
824.449,45.692
824.652,41.764
824.855,41.809
825.059,78.879
825.262,147.835
825.466,200.08
825.669,197.41
825.873,200.593
826.076,228.583
826.28,203.24
826.483,140.376
826.687,115.066
826.89,140.169
827.094,113.563
827.297,88.287
827.5,97.716
827.704,87.169
827.907,87.159
828.111,88.482
828.314,61.805
828.518,71.318
828.721,86.129
828.925,60.765
829.128,72.916
829.332,66.106
829.535,45.865
829.739,35.112
829.942,37.722
830.146,11.045
830.349,24.303
830.553,57.232
830.757,37.184
830.96,33.095
831.164,47.44
831.367,69.589
831.571,63.208
831.774,37.034
831.978,17.316
832.181,30.371
832.385,39.627
832.588,43.725
832.792,39.92
832.995,20.094
833.199,14.805
833.403,16.121
833.606,43.961
833.81,32.014
834.013,12.109
834.217,31.95
834.42,35.723
834.624,42.133
834.828,31.541
835.031,35.41
835.235,61.543
835.438,74.507
835.642,53.608
835.845,33.971
836.049,28.744
836.253,37.959
836.456,26.252
836.66,30.173
836.863,53.752
837.067,47.126
837.271,23.524
837.474,14.363
837.678,23.533
837.881,35.394
838.085,26.231
838.289,31.517
838.492,34.182
838.696,51.366
838.9,60.59
839.103,51.276
839.307,88.271
839.51,154.223
839.714,246.234
839.918,313.907
840.121,364.664
840.325,395.112
840.529,363.687
840.732,262.89
840.936,230.155
841.14,297.817
841.343,433.753
841.547,551.974
841.751,616.736
841.954,625.874
842.158,542.8
842.362,420.073
842.565,315.622
842.769,281.668
842.973,252.935
843.176,217.96
843.38,191.554
843.584,166.087
843.787,157.862
843.991,140.806
844.195,136.731
844.398,132.324
844.602,106.265
844.806,110.967
845.009,99.177
845.213,76.08
845.417,74.792
845.62,76.056
845.824,70.941
846.028,55.623
846.232,35.113
846.435,27.433
846.639,40.025
846.843,48.762
847.046,1.966
847.25,-31.971
847.454,49.427
847.658,52.835
847.861,35.213
848.065,15.391
848.269,31.33
848.473,26.372
848.676,20.225
848.88,28.802
849.084,43.46
849.287,37.367
849.491,46.057
849.695,53.49
849.899,39.931
850.102,22.678
850.306,27.558
850.51,39.944
850.714,43.738
850.917,98.357
851.121,129.164
851.325,147.715
851.529,153.032
851.733,160.663
851.936,128.352
852.14,95.922
852.344,82.059
852.548,71.967
852.751,70.719
852.955,80.385
853.159,67.89
853.363,60.358
853.566,67.698
853.77,60.258
853.974,49.351
854.178,66.516
854.382,62.822
854.585,50.415
854.789,40.561
854.993,62.4
855.197,58.657
855.401,43.974
855.604,45.123
855.808,38.893
856.012,43.67
856.216,50.851
856.42,41.126
856.623,60.56
856.827,46.148
857.031,53.343
857.235,50.786
857.439,20.629
857.643,20.666
857.846,52.206
858.05,44.966
858.254,34.017
858.458,23.068
858.662,20.649
858.866,24.315
859.069,37.7
859.273,43.67
859.477,42.39
859.681,43.432
859.885,55.31
860.089,48.067
860.292,39.572
860.496,26.29
860.7,32.286
860.904,27.498
861.108,26.249
861.312,28.536
861.516,29.72
861.719,28.578
861.923,45.48
862.127,43.111
862.331,52.799
862.535,37.104
862.739,15.358
862.943,21.446
863.147,40.927
863.35,48.312
863.554,22.75
863.758,34.817
863.962,55.366
864.166,26.198
864.37,27.393
864.574,26.106
864.778,33.249
864.981,30.791
865.185,37.852
865.389,26.962
865.593,24.473
865.797,43.381
866.001,36.163
866.205,37.113
866.409,56.765
866.613,54.032
866.817,43.263
867.02,47.534
867.224,34.76
867.428,28.913
867.632,14.079
867.836,11.739
868.04,29.603
868.244,26.2
868.448,19.367
868.652,18.16
868.856,21.421
869.06,36.674
869.263,43.064
869.467,29.791
869.671,20.971
869.875,39.226
870.079,36.932
870.283,49.836
870.487,111.178
870.691,201.368
870.895,220.709
871.099,215.929
871.303,212.014
871.507,156.052
871.711,105.316
871.915,109.2
872.119,91.577
872.322,83.596
872.526,81.158
872.73,72.461
872.934,65.014
873.138,43.151
873.342,41.941
873.546,66.148
873.75,70.712
873.954,68.543
874.158,75.275
874.362,56.036
874.566,37.023
874.77,37.009
874.974,40.996
875.178,40.982
875.382,28.969
875.586,45.955
875.79,38.941
875.994,26.928
876.198,27.914
876.402,23.9
876.606,12.886
876.81,29.873
877.014,14.859
877.218,32.845
877.422,48.831
877.626,39.817
877.829,39.803
878.033,40.789
878.237,38.775
878.441,35.761
878.645,37.747
878.849,25.733
879.053,5.718
879.257,5.704
879.461,21.69
879.665,22.676
879.869,15.661
880.073,19.647
880.277,24.632
880.481,32.618
880.685,27.604
880.889,39.589
881.093,41.574
881.297,14.56
881.501,20.545
881.705,23.53
881.909,21.516
882.113,21.501
882.317,27.486
882.521,28.471
882.725,27.456
882.929,24.442
883.133,18.427
883.337,29.412
883.541,18.397
883.746,26.382
883.95,45.366
884.154,49.351
884.358,51.336
884.562,26.321
884.766,22.306
884.97,20.29
885.174,0.275
885.378,5.26
885.582,7.244
885.786,3.229
885.99,24.213
886.194,33.198
886.398,21.182
886.602,25.166
886.806,33.151
887.01,44.135
887.214,25.119
887.418,21.104
887.622,19.088
887.826,23.072
888.03,18.056
888.234,29.04
888.438,25.024
888.642,20.008
888.846,10.992
889.05,2.976
889.254,11.96
889.458,20.943
889.662,21.927
889.867,12.911
890.071,21.895
890.275,18.878
890.479,2.862
890.683,4.845
890.887,28.829
891.091,37.812
891.295,20.796
891.499,1.779
891.703,-2.238
891.907,8.746
892.111,27.729
892.315,35.712
892.519,6.695
892.723,7.678
892.927,23.662
893.131,20.645
893.335,8.628
893.54,11.611
893.744,27.593
893.948,24.576
894.152,31.559
894.356,29.542
894.56,16.525
894.764,21.507
894.968,19.49
895.172,2.472
895.376,12.455
895.58,19.437
895.784,15.42
895.988,6.402
896.192,11.385
896.397,29.367
896.601,30.349
896.805,21.331
897.009,34.314
897.213,43.296
897.417,29.278
897.621,25.26
897.825,19.242
898.029,28.224
898.233,13.206
898.437,1.187
898.641,23.169
898.846,13.151
899.05,14.133
899.254,21.114
899.458,5.096
899.662,10.078
899.866,18.059
900.07,15.04
900.274,32.022
900.478,21.003
900.682,9.985
900.886,18.966
901.09,19.947
901.295,28.928
901.499,18.909
901.703,17.89
901.907,23.871
902.111,19.852
902.315,11.833
902.519,12.814
902.723,14.795
902.927,23.776
903.131,37.757
903.336,28.737
903.54,17.718
903.744,29.698
903.948,12.679
904.152,10.659
904.356,34.64
904.56,30.62
904.764,22.601
904.968,19.581
905.172,5.561
905.377,8.541
905.581,23.521
905.785,18.501
905.989,19.481
906.193,12.461
906.397,12.441
906.601,26.421
906.805,31.401
907.009,15.381
907.214,2.36
907.418,6.34
907.622,11.32
907.826,21.299
908.03,26.279
908.234,33.258
908.438,39.238
908.642,28.217
908.846,-4.804
909.051,19.175
909.255,17.155
909.459,6.134
909.663,31.113
909.867,23.092
910.071,-1.929
910.275,28.05
910.479,47.029
910.683,22.007
910.888,21.986
911.092,37.965
911.296,39.943
911.5,63.922
911.704,104.901
911.908,123.879
912.112,143.857
912.316,168.836
912.52,157.814
912.725,139.792
912.929,105.77
913.133,67.749
913.337,84.727
913.541,70.705
913.745,66.683
913.949,65.661
914.153,37.638
914.358,22.616
914.562,31.594
914.766,17.572
914.97,13.549
915.174,41.527
915.378,24.504
915.582,14.482
915.786,25.459
915.991,22.437
916.195,5.414
916.399,3.391
916.603,19.368
916.807,4.345
917.011,-2.677
917.215,12.3
917.419,23.276
917.624,36.253
917.828,29.23
918.032,39.207
918.236,18.184
918.44,26.16
918.644,12.137
918.848,-0.887
919.052,18.09
919.257,19.066
919.461,20.043
919.665,20.019
919.869,23.995
920.073,2.971
920.277,11.947
920.481,20.924
920.685,38.9
920.89,20.875
921.094,3.851
921.298,16.827
921.502,17.803
921.706,18.779
921.91,32.754
922.114,27.73
922.318,32.705
922.523,40.681
922.727,31.656
922.931,31.632
923.135,22.607
923.339,31.582
923.543,29.557
923.747,27.532
923.951,31.507
924.156,17.482
924.36,20.457
924.564,20.432
924.768,13.407
924.972,21.382
925.176,22.356
925.38,16.331
925.584,13.305
925.789,28.28
925.993,15.254
926.197,5.229
926.401,6.203
926.605,5.177
926.809,1.151
927.013,2.125
927.217,8.099
927.422,13.073
927.626,6.047
927.83,1.021
928.034,16.995
928.238,31.969
928.442,31.942
928.646,32.916
928.85,12.889
929.055,6.863
929.259,7.836
929.463,6.81
929.667,3.783
929.871,3.756
930.075,36.729
930.279,36.702
930.483,13.675
930.687,22.648
930.892,27.621
931.096,23.594
931.3,16.567
931.504,9.539
931.708,5.512
931.912,14.485
932.116,17.457
932.32,18.43
932.525,10.402
932.729,12.374
932.933,22.347
933.137,31.319
933.341,36.291
933.545,25.263
933.749,25.235
933.953,26.207
934.158,23.179
934.362,17.15
934.566,17.122
934.77,20.094
934.974,14.065
935.178,18.037
935.382,17.008
935.586,6.98
935.79,20.951
935.995,19.922
936.199,9.894
936.403,18.865
936.607,21.836
936.811,12.807
937.015,20.778
937.219,10.749
937.423,0.72
937.627,22.69
937.832,5.661
938.036,11.632
938.24,12.602
938.444,19.573
938.648,6.543
938.852,12.513
939.056,36.484
939.26,23.454
939.464,23.424
939.669,-2.606
939.873,10.364
940.077,38.334
940.281,19.304
940.485,-4.726
940.689,-15.756
940.893,9.214
941.097,10.183
941.301,-0.847
941.505,-2.878
941.71,14.092
941.914,14.061
942.118,16.03
942.322,3.0
942.526,12.969
942.73,19.938
942.934,5.907
943.138,-3.124
943.342,5.845
943.546,21.814
943.751,17.783
943.955,15.751
944.159,26.72
944.363,6.689
944.567,10.657
944.771,23.626
944.975,18.594
945.179,2.562
945.383,-3.469
945.587,2.499
945.791,6.467
945.996,16.435
946.2,8.403
946.404,4.371
946.608,10.339
946.812,10.307
947.016,-2.725
947.22,-8.758
947.424,-5.79
947.628,4.178
947.832,-20.855
948.036,-0.887
948.24,22.08
948.445,11.047
948.649,5.014
948.853,8.982
949.057,2.949
949.261,5.916
949.465,14.883
949.669,14.85
949.873,7.817
950.077,4.784
950.281,15.75
950.485,21.717
950.689,15.684
950.893,15.65
951.097,17.617
951.302,18.583
951.506,7.55
951.71,11.516
951.914,1.482
952.118,17.448
952.322,19.415
952.526,20.381
952.73,32.347
952.934,26.313
953.138,5.279
953.342,16.244
953.546,16.21
953.75,12.176
953.954,7.142
954.158,-4.893
954.362,-5.927
954.567,1.038
954.771,-2.996
954.975,10.969
955.179,23.935
955.383,15.9
955.587,3.865
955.791,8.83
955.995,16.795
956.199,30.76
956.403,22.725
956.607,20.69
956.811,1.655
957.015,-1.38
957.219,10.585
957.423,11.549
957.627,-0.486
957.831,9.479
958.035,13.443
958.239,19.408
958.443,18.372
958.647,8.337
958.851,21.301
959.055,32.265
959.26,22.229
959.464,4.194
959.668,7.158
959.872,16.122
960.076,10.086
960.28,13.05
960.484,14.014
960.688,6.978
960.892,-4.059
961.096,6.905
961.3,6.869
961.504,2.833
961.708,2.796
961.912,14.76
962.116,10.723
962.32,6.687
962.524,3.65
962.728,5.614
962.932,18.577
963.136,17.54
963.34,-1.496
963.544,3.467
963.748,5.43
963.952,4.393
964.156,13.356
964.36,5.319
964.564,6.282
964.768,4.245
964.972,9.208
965.176,11.171
965.38,15.134
965.584,23.096
965.788,23.059
965.992,29.022
966.196,20.985
966.4,8.947
966.604,12.91
966.808,6.872
967.012,28.835
967.216,17.797
967.42,5.76
967.624,20.722
967.828,28.685
968.032,28.647
968.236,23.609
968.44,4.572
968.644,10.534
968.848,-6.504
969.052,5.458
969.256,3.42
969.46,10.382
969.664,11.344
969.868,15.307
970.072,31.269
970.276,25.231
970.479,13.193
970.683,21.154
970.887,21.116
971.091,-4.922
971.295,-0.96
971.499,10.002
971.703,14.964
971.907,11.926
972.111,21.887
972.315,9.849
972.519,23.811
972.723,29.773
972.927,15.734
973.131,8.696
973.335,7.658
973.539,12.619
973.743,13.581
973.947,16.542
974.151,5.504
974.355,20.466
974.558,11.427
974.762,16.389
974.966,10.35
975.17,8.312
975.374,28.273
975.578,24.235
975.782,8.196
975.986,15.158
976.19,6.119
976.394,-23.92
976.598,1.042
976.802,17.003
977.006,-11.035
977.209,-14.074
977.413,-6.112
977.617,3.849
977.821,-3.19
978.025,14.772
978.229,11.733
978.433,1.695
978.637,7.656
978.841,20.618
979.045,19.579
979.249,16.54
979.452,29.502
979.656,31.463
979.86,19.425
980.064,15.386
980.268,11.348
980.472,14.309
980.676,12.271
980.88,-7.768
981.084,0.194
981.287,11.155
981.491,17.117
981.695,16.078
981.899,3.04
982.103,14.001
982.307,11.963
982.511,19.925
982.715,18.886
982.918,8.848
983.122,16.81
983.326,13.771
983.53,-0.267
983.734,7.695
983.938,5.656
984.142,17.618
984.346,9.58
984.549,4.542
984.753,2.504
984.957,7.466
985.161,5.428
985.365,13.39
985.569,19.352
985.772,13.314
985.976,14.276
986.18,20.238
986.384,12.2
986.588,3.162
986.792,1.124
986.995,17.087
987.199,2.049
987.403,1.011
987.607,8.974
987.811,15.936
988.015,22.899
988.218,37.861
988.422,34.824
988.626,6.787
988.83,-2.251
989.034,6.712
989.238,-3.325
989.441,9.638
989.645,22.601
989.849,13.564
990.053,23.527
990.257,14.49
990.46,-1.547
990.664,19.416
990.868,20.379
991.072,9.343
991.276,-9.694
991.479,-12.73
991.683,-9.767
991.887,1.197
992.091,3.16
992.294,1.124
992.498,-2.912
992.702,8.052
992.906,-1.984
993.11,-8.02
993.313,6.944
993.517,4.908
993.721,-5.127
993.925,1.837
994.128,6.801
994.332,0.766
994.536,-0.269
994.74,15.695
994.943,10.66
995.147,0.625
995.351,5.59
995.555,14.555
995.758,-13.48
995.962,-18.515
996.166,0.451
996.37,17.416
996.573,20.382
996.777,-10.653
996.981,4.313
997.185,14.279
997.388,9.245
997.592,15.211
997.796,3.177
998.0,10.144
998.203,25.11
998.407,12.076
998.611,6.043
998.814,9.01
999.018,7.977
999.222,0.944
999.426,10.911
999.629,10.878
999.833,-21.155
1000.037,-16.187
1000.24,1.78
1000.444,13.748
1000.648,-3.284
1000.851,-4.317
1001.055,-4.348
1001.259,7.62
1001.463,9.588
1001.666,7.556
1001.87,-4.475
1002.074,-15.506
1002.277,-20.537
1002.481,-11.568
1002.685,8.401
1002.888,26.37
1003.092,9.339
1003.296,12.309
1003.499,3.279
1003.703,0.248
1003.907,-0.782
1004.11,5.189
1004.314,0.159
1004.518,4.129
